feature,scope,group,null_rate
VIX,CS,vix,0.0
VIX1D,CS,vix,1.0
VIX1D_1y_percentile,CS,vix,1.0
VIX1D_21d_pct_change,CS,vix,1.0
VIX1D_5d_pct_change,CS,vix,1.0
VIX3M,CS,vix,0.0
VIX6M,CS,vix,0.0
VIX9D,CS,vix,0.0
VIX_1y_percentile,CS,vix,0.0
VIX_21d_pct_change,CS,vix,0.0
VIX_5d_pct_change,CS,vix,0.0
VIX_VIX1D_ratio,CS,vix,1.0
VIX_VIX1D_spread,CS,vix,1.0
VIX_VIX3M_ratio,CS,vix,0.0
VIX_VIX3M_spread,CS,vix,0.0
VIX_VIX6M_ratio,CS,vix,0.0
VIX_VIX6M_spread,CS,vix,0.0
VIX_VIX9D_ratio,CS,vix,0.0
VIX_VIX9D_spread,CS,vix,0.0
VVIX,CS,vix,0.0
VVIX_1y_percentile,CS,vix,0.0
VVIX_21d_pct_change,CS,vix,0.0
VVIX_5d_pct_change,CS,vix,0.0
atmf_forward_vol_10d_20d_close,CS,vol_surface,0.010673234811165846
atmf_forward_vol_20d_30d_close,CS,vol_surface,0.010673234811165846
atmf_forward_vol_30d_60d_close,CS,vol_surface,0.010673234811165846
atmf_forward_vol_5d_10d_close,CS,vol_surface,0.010673234811165846
atmf_forward_vol_5d_30d_close,CS,vol_surface,0.010673234811165846
atmf_iv_0dte_intraday_pct_change,CS,vol_surface,0.35385878489326766
atmf_iv_0dte_intraday_range,CS,vol_surface,0.35385878489326766
atmf_iv_10dte_intraday_pct_change,CS,vol_surface,0.0016420361247947454
atmf_iv_10dte_intraday_range,CS,vol_surface,0.0016420361247947454
atmf_iv_1dte_1000,CS,vol_surface,0.0
atmf_iv_1dte_close,CS,vol_surface,0.025451559934318555
atmf_iv_1dte_percentile_252d,CS,vol_surface,0.10591133004926108
atmf_iv_20dte_close,CS,vol_surface,0.010673234811165846
atmf_iv_30dte_close,CS,vol_surface,0.010673234811165846
atmf_iv_30dte_intraday_pct_change,CS,vol_surface,0.0016420361247947454
atmf_iv_30dte_intraday_range,CS,vol_surface,0.0016420361247947454
atmf_iv_30dte_percentile_252d,CS,vol_surface,0.10098522167487685
atmf_iv_5dte_1000,CS,vol_surface,0.0
atmf_iv_5dte_close,CS,vol_surface,0.010673234811165846
atmf_iv_5dte_percentile_252d,CS,vol_surface,0.10098522167487685
atmf_iv_60dte_close,CS,vol_surface,0.010673234811165846
atmf_iv_90dte_close,CS,vol_surface,0.010673234811165846
call_25d_iv_30dte_close,CS,vol_surface,0.011494252873563218
call_25d_iv_5dte_close,CS,vol_surface,0.010673234811165846
call_skew_delta25_1dte_close,CS,vol_surface,0.2791461412151067
call_skew_delta25_20dte_close,CS,vol_surface,0.010673234811165846
call_skew_delta25_30dte_close,CS,vol_surface,0.011494252873563218
call_skew_delta25_5dte_close,CS,vol_surface,0.010673234811165846
day_of_month,CS,calendar,0.0
day_of_week,CS,calendar,0.0
days_since_last_fomc,CS,calendar,0.016420361247947456
days_until_next_fomc,CS,calendar,0.0
days_until_next_pce,CS,calendar,0.0
delta,PS,position,0.0
delta_distance_from_target,PS,intra,0.0
delta_distance_from_target_x_VVIX_1y_percentile,PS,regime,0.0
delta_x_VIX,PS,regime,0.0
distance_from_max_126d,PS,strategy,0.0008210180623973727
distance_from_max_252d,PS,strategy,0.0008210180623973727
distance_from_max_63d,PS,strategy,0.0008210180623973727
dollar_delta,PS,position,0.0
drawdown_126d,PS,strategy,0.0013341543513957308
drawdown_252d,PS,strategy,0.0008210180623973727
drawdown_63d,PS,strategy,0.03735632183908046
drawdown_63d_wd_rank,PS,strategy,0.03735632183908046
dte_of_selected_option,PS,intra,0.0
effr_rate,CS,macro,0.0
effr_rate_1y_pct_change,CS,macro,0.0
effr_rate_1y_percentile,CS,macro,0.0
entry_bid_ask_spread,PS,liquidity,0.0
entry_bid_ask_spread_pct,PS,liquidity,0.0
entry_bid_ask_spread_pct_wd_rank,PS,liquidity,0.0
entry_log_premium,PS,liquidity,0.0
entry_log_premium_wd_rank,PS,liquidity,0.0
front_roll_yield,CS,vix,0.0
gamma,PS,position,0.0
gamma_exposure,PS,position,0.0
gamma_x_dte,PS,regime,0.0
gamma_x_morning_spx_rv_annualized,PS,regime,0.0
is_monthly_opex,CS,calendar,0.0
is_pce_day,CS,calendar,0.0
is_post_holiday_session,CS,calendar,0.0
is_pre_holiday_session,CS,calendar,0.0
is_quarterly_opex,CS,calendar,0.0
iv_at_strike_minus_atmf,PS,intra,0.0
iv_at_strike_minus_atmf_pct,PS,intra,0.0
iv_at_strike_minus_atmf_wd_rank,PS,intra,0.0
iv_at_strike_minus_atmf_x_VIX_VIX9D_spread,PS,regime,0.0
iv_minus_rv_term_slope,CS,rv_iv,0.010673234811165846
iv_term_slope_5d_30d,CS,rv_iv,0.010673234811165846
iv_to_spot_change_ratio_0dte_close,CS,vol_surface,0.7545155993431856
iv_to_spot_change_ratio_10dte_close,CS,vol_surface,0.022167487684729065
iv_to_spot_change_ratio_1dte_close,CS,vol_surface,0.05090311986863711
iv_to_spot_change_ratio_20dte_close,CS,vol_surface,0.022167487684729065
iv_to_spot_change_ratio_30dte_close,CS,vol_surface,0.022167487684729065
iv_to_spot_change_ratio_5dte_close,CS,vol_surface,0.022167487684729065
jobless_claims,CS,macro,0.0
jobless_claims_1y_pct_change,CS,macro,0.0
jobless_claims_1y_percentile,CS,macro,0.0
leverage,PS,position,0.0
log_moneyness,PS,position,0.0
month_of_year,CS,calendar,0.0
morning_atmf_iv_change,CS,morning,0.0016420361247947454
morning_atmf_iv_pct_change,CS,morning,0.0016420361247947454
morning_gap_filled,CS,morning,0.0
morning_gap_size,CS,morning,0.0
morning_skew_change,CS,morning,0.0016420361247947454
morning_spx_directionality,CS,morning,0.0
morning_spx_log_return,CS,morning,0.0
morning_spx_range_pct,CS,morning,0.0
morning_spx_rv_annualized,CS,morning,0.0
morning_vix_change,CS,morning,0.0
morning_vix_level,CS,morning,0.0
morning_vvix_change,CS,morning,0.0
prior_day_strategy_drawdown_max_5d,PS,strategy,0.0008210180623973727
put_25d_forward_vol_10d_20d_close,CS,vol_surface,0.011494252873563218
put_25d_forward_vol_5d_30d_close,CS,vol_surface,0.011494252873563218
put_25d_iv_30dte_close,CS,vol_surface,0.010673234811165846
put_25d_iv_5dte_close,CS,vol_surface,0.011494252873563218
put_skew_delta25_1dte_close,CS,vol_surface,0.25533661740558294
put_skew_delta25_20dte_close,CS,vol_surface,0.010673234811165846
put_skew_delta25_30dte_close,CS,vol_surface,0.010673234811165846
put_skew_delta25_5dte_close,CS,vol_surface,0.011494252873563218
returns_on_margin,PS,strategy,0.0008210180623973727
returns_on_margin_wd_rank,PS,strategy,0.0008210180623973727
risk_reversal_delta10_0dte_close,CS,vol_surface,0.9006568144499179
risk_reversal_delta10_10dte_close,CS,vol_surface,0.022988505747126436
risk_reversal_delta10_1dte_close,CS,vol_surface,0.5114942528735632
risk_reversal_delta10_20dte_close,CS,vol_surface,0.013136288998357963
risk_reversal_delta10_30dte_close,CS,vol_surface,0.012315270935960592
risk_reversal_delta10_5dte_close,CS,vol_surface,0.03366174055829228
risk_reversal_delta25_10dte_close,CS,vol_surface,0.011494252873563218
risk_reversal_delta25_1dte_close,CS,vol_surface,0.35714285714285715
risk_reversal_delta25_20dte_close,CS,vol_surface,0.010673234811165846
risk_reversal_delta25_30dte_close,CS,vol_surface,0.011494252873563218
risk_reversal_delta25_5dte_close,CS,vol_surface,0.011494252873563218
rom_diff_to_spx,PS,strategy,0.0008210180623973727
rom_roll_avg_30d,PS,strategy,0.0008210180623973727
rom_roll_skew_30d,PS,strategy,0.0024630541871921183
rom_roll_std_30d,PS,strategy,0.0016420361247947454
rv_iv_ratio_21d,CS,rv_iv,0.010673234811165846
rv_iv_ratio_5d,CS,rv_iv,0.010673234811165846
rv_iv_spread_21d,CS,rv_iv,0.010673234811165846
rv_iv_spread_5d,CS,rv_iv,0.010673234811165846
rv_surprise_5d,CS,vol_surface,0.053366174055829226
rv_term_slope_5d_21d,CS,rv_iv,0.0
sharpe_ratio_rom_60d,PS,strategy,0.016420361247947456
sharpe_ratio_rom_60d_wd_rank,PS,strategy,0.016420361247947456
sharpe_ratio_rom_std_60d,PS,strategy,0.017241379310344827
spx_10d_returns,CS,spx,0.0
spx_1d_returns,CS,spx,0.0
spx_1m_returns,CS,spx,0.0
spx_1y_percentile,CS,spx,0.04926108374384237
spx_1y_returns,CS,spx,0.15024630541871922
spx_200dma_slope_21d_pct,CS,trend,0.12479474548440066
spx_21d_rv,CS,spx,0.0
spx_252d_rv,CS,spx,0.15024630541871922
spx_3m_returns,CS,spx,0.0
spx_50_200_dma_signal,CS,trend,0.10837438423645321
spx_5d_returns,CS,spx,0.0
spx_5d_rv,CS,spx,0.0
spx_63d_rv,CS,spx,0.0
spx_6m_returns,CS,spx,0.05008210180623974
spx_distance_from_200dma_pct,CS,trend,0.10837438423645321
spx_distance_from_50dma_pct,CS,trend,0.0
spx_pcr_21d_avg,CS,spx,0.0
spx_pcr_21d_pct_change,CS,spx,0.0
spx_pcr_5d_pct_change,CS,spx,0.0
spx_position_52w,CS,spx,0.14942528735632185
spx_put_call_ratio,CS,spx,0.0
spx_realized_kurtosis_21d,CS,higher_moments,0.0
spx_realized_kurtosis_63d,CS,higher_moments,0.0
spx_realized_skew_21d,CS,higher_moments,0.0
spx_realized_skew_63d,CS,higher_moments,0.0
spx_returns_roll_avg_30d,CS,spx,0.0
spx_returns_roll_std_30d,CS,spx,0.0
stability_coef_60d,PS,strategy,0.008210180623973728
tail_ratio_rom_30d,PS,strategy,0.0008210180623973727
theta,PS,position,0.0
theta_x_atmf_iv_5dte_percentile_252d,PS,regime,0.10098522167487685
vega,PS,position,0.0
vega_x_VIX_5d_pct_change,PS,regime,0.0
vix_curvature_1d_30d_3m,CS,vix_curvature,1.0
vix_curvature_1d_9d_30d,CS,vix_curvature,1.0
vix_curvature_9d_30d_3m,CS,vix_curvature,0.0
vix_front_curvature,CS,vix,0.0
vix_front_slope,CS,vix,0.0
vix_futures_front_price,CS,vix,0.0
vix_pcr_21d_avg,CS,spx,0.0
vix_pcr_21d_pct_change,CS,spx,0.0
vix_pcr_5d_pct_change,CS,spx,0.0
vix_put_call_ratio,CS,spx,0.0
vix_z_60d,CS,vix,0.0
win_rate_30d,PS,strategy,0.0008210180623973727
