strategy,level,slice,n_days,n_trades,total_pnl,mean_daily_pnl,sharpe_arith_daily_pnl,win_rate,worst_day,max_dd_dollars,top5_share_of_total,total_minus_best5,boot_p_mean_gt0
M-HEAD,L1,WF_2021_2024,244,44,5436.499999999993,22.280737704918003,3.836091342374783,0.9772727272727273,-1018.0000000000073,1018.0000000000073,0.25659891474294155,4041.4999999999927,0.9985
M-HEAD,L1,Y2021,244,44,5436.499999999993,22.280737704918003,3.836091342374783,0.9772727272727273,-1018.0000000000073,1018.0000000000073,0.25659891474294155,4041.4999999999927,0.9985
M-HEAD,P75,WF_2021_2024,244,44,5255.249999999993,21.537909836065545,3.7455038060119445,0.9772727272727273,-1020.5000000000073,1020.5000000000073,0.26021597450168915,3887.7499999999927,0.9984
M-HEAD,P75,Y2021,244,44,5255.249999999993,21.537909836065545,3.7455038060119445,0.9772727272727273,-1020.5000000000073,1020.5000000000073,0.26021597450168915,3887.7499999999927,0.9984
M-HEAD,L2,WF_2021_2024,244,44,5073.999999999993,20.795081967213086,3.6521903587158064,0.9772727272727273,-1023.0000000000074,1023.0000000000073,0.2640914465904616,3733.9999999999927,0.998
M-HEAD,L2,Y2021,244,44,5073.999999999993,20.795081967213086,3.6521903587158064,0.9772727272727273,-1023.0000000000074,1023.0000000000073,0.2640914465904616,3733.9999999999927,0.998
M-HEAD,L3,WF_2021_2024,244,44,4837.769999999992,19.826926229508164,3.5231560574972085,0.9772727272727273,-1028.2900000000072,1028.2900000000072,0.2704861950857528,3529.219999999993,0.9971
M-HEAD,L3,Y2021,244,44,4837.769999999992,19.826926229508164,3.5231560574972085,0.9772727272727273,-1028.2900000000072,1028.2900000000072,0.2704861950857528,3529.219999999993,0.9971
M-HEAD,L2_1001,WF_2021_2024,244,44,5023.999999999993,20.5901639344262,3.6853205030770266,0.9772727272727273,-988.0000000000072,988.0000000000073,0.2627388535031851,3703.9999999999927,0.9984
M-HEAD,L2_1001,Y2021,244,44,5023.999999999993,20.5901639344262,3.6853205030770266,0.9772727272727273,-988.0000000000072,988.0000000000073,0.2627388535031851,3703.9999999999927,0.9984
M-HEAD,L3_1001,WF_2021_2024,244,44,4787.679999999993,19.621639344262267,3.5542798055394336,0.9772727272727273,-993.2900000000072,993.2900000000072,0.26913870601209816,3499.129999999993,0.9978
M-HEAD,L3_1001,Y2021,244,44,4787.679999999993,19.621639344262267,3.5542798055394336,0.9772727272727273,-993.2900000000072,993.2900000000072,0.26913870601209816,3499.129999999993,0.9978
M-HEAD,L2_1003,WF_2021_2024,244,44,5363.999999999993,21.98360655737702,3.9373369118919115,0.9772727272727273,-943.0000000000073,943.0000000000073,0.2526099925428788,4008.9999999999927,0.999
M-HEAD,L2_1003,Y2021,244,44,5363.999999999993,21.98360655737702,3.9373369118919115,0.9772727272727273,-943.0000000000073,943.0000000000073,0.2526099925428788,4008.9999999999927,0.999
M-HEAD,L3_1003,WF_2021_2024,244,44,5127.679999999993,21.015081967213085,3.8123798665893993,0.9772727272727273,-948.2900000000074,948.2900000000072,0.25811868135297095,3804.1299999999933,0.9986
M-HEAD,L3_1003,Y2021,244,44,5127.679999999993,21.015081967213085,3.8123798665893993,0.9772727272727273,-948.2900000000074,948.2900000000072,0.25811868135297095,3804.1299999999933,0.9986
M-HEAD,L2_1005,WF_2021_2024,244,44,5643.999999999993,23.131147540983577,4.286982722655759,0.9772727272727273,-843.0000000000073,843.0000000000073,0.2613394755492562,4168.999999999993,0.9996
M-HEAD,L2_1005,Y2021,244,44,5643.999999999993,23.131147540983577,4.286982722655759,0.9772727272727273,-843.0000000000073,843.0000000000073,0.2613394755492562,4168.999999999993,0.9996
M-HEAD,L3_1005,WF_2021_2024,244,44,5397.409999999993,22.120532786885214,4.152271224463954,0.9772727272727273,-853.2900000000072,853.2900000000072,0.2665259819061368,3958.8599999999924,0.9993
M-HEAD,L3_1005,Y2021,244,44,5397.409999999993,22.120532786885214,4.152271224463954,0.9772727272727273,-853.2900000000072,853.2900000000072,0.2665259819061368,3958.8599999999924,0.9993
M-HEAD,DOUBLE,WF_2021_2024,244,44,4195.219999999992,17.193524590163904,3.15376937132152,0.9772727272727273,-1039.5800000000072,1039.5800000000072,0.29011589380294767,2978.119999999992,0.9945
M-HEAD,DOUBLE,Y2021,244,44,4195.219999999992,17.193524590163904,3.15376937132152,0.9772727272727273,-1039.5800000000072,1039.5800000000072,0.29011589380294767,2978.119999999992,0.9945
M-SKIP,L1,WF_2021_2024,244,244,14945.500000000007,61.2520491803279,1.5764713279844544,0.9180327868852459,-4614.500000000004,11780.499999999982,0.3439162289652402,9805.500000000007,0.9264
M-SKIP,L1,Y2021,244,244,14945.500000000007,61.2520491803279,1.5764713279844544,0.9180327868852459,-4614.500000000004,11780.499999999982,0.3439162289652402,9805.500000000007,0.9264
M-SKIP,P75,WF_2021_2024,244,244,13949.250000000007,57.169057377049214,1.4717982142981123,0.9180327868852459,-4618.250000000004,12071.749999999982,0.366148717672993,8841.750000000007,0.913
M-SKIP,P75,Y2021,244,244,13949.250000000007,57.169057377049214,1.4717982142981123,0.9180327868852459,-4618.250000000004,12071.749999999982,0.366148717672993,8841.750000000007,0.913
M-SKIP,L2,WF_2021_2024,244,244,12953.000000000007,53.08606557377052,1.367051495674455,0.9139344262295082,-4622.000000000004,12362.999999999982,0.3918011271520109,7878.000000000007,0.8961
M-SKIP,L2,Y2021,244,244,12953.000000000007,53.08606557377052,1.367051495674455,0.9139344262295082,-4622.000000000004,12362.999999999982,0.3918011271520109,7878.000000000007,0.8961
M-SKIP,L3,WF_2021_2024,244,244,11502.460000000006,47.141229508196744,1.214099853304856,0.9139344262295082,-4627.2000000000035,12786.920000000038,0.43673701103937745,6478.91000000001,0.8695
M-SKIP,L3,Y2021,244,244,11502.460000000006,47.141229508196744,1.214099853304856,0.9139344262295082,-4627.2000000000035,12786.920000000038,0.43673701103937745,6478.91000000001,0.8695
M-SKIP,L2_1001,WF_2021_2024,244,244,13288.000000000007,54.45901639344265,1.4039389803685849,0.9180327868852459,-4642.000000000004,12247.999999999982,0.37439795304033696,8313.000000000007,0.9033
M-SKIP,L2_1001,Y2021,244,244,13288.000000000007,54.45901639344265,1.4039389803685849,0.9180327868852459,-4642.000000000004,12247.999999999982,0.37439795304033696,8313.000000000007,0.9033
M-SKIP,L3_1001,WF_2021_2024,244,244,11827.460000000014,48.47319672131153,1.2498215472240224,0.9180327868852459,-4647.2000000000035,12676.830000000034,0.4162812641091151,6903.910000000013,0.878
M-SKIP,L3_1001,Y2021,244,244,11827.460000000014,48.47319672131153,1.2498215472240224,0.9180327868852459,-4647.2000000000035,12676.830000000034,0.4162812641091151,6903.910000000013,0.878
M-SKIP,L2_1003,WF_2021_2024,244,244,13148.000000000007,53.88524590163937,1.3851753723227118,0.9180327868852459,-4657.000000000004,12172.999999999982,0.3608913903255246,8403.000000000007,0.9032
M-SKIP,L2_1003,Y2021,244,244,13148.000000000007,53.88524590163937,1.3851753723227118,0.9180327868852459,-4657.000000000004,12172.999999999982,0.3608913903255246,8403.000000000007,0.9032
M-SKIP,L3_1003,WF_2021_2024,244,244,11677.910000000009,47.86028688524594,1.2304852047332444,0.9180327868852459,-4662.2000000000035,12601.830000000038,0.40191695260538884,6984.36000000001,0.8784
M-SKIP,L3_1003,Y2021,244,244,11677.910000000009,47.86028688524594,1.2304852047332444,0.9180327868852459,-4662.2000000000035,12601.830000000038,0.40191695260538884,6984.36000000001,0.8784
M-SKIP,L2_1005,WF_2021_2024,244,244,13478.000000000007,55.23770491803282,1.4246585957402667,0.9180327868852459,-4642.000000000004,11927.999999999982,0.3357323044962159,8953.000000000007,0.9084
M-SKIP,L2_1005,Y2021,244,244,13478.000000000007,55.23770491803282,1.4246585957402667,0.9180327868852459,-4642.000000000004,11927.999999999982,0.3357323044962159,8953.000000000007,0.9084
M-SKIP,L3_1005,WF_2021_2024,244,244,11983.000000000007,49.110655737704946,1.2668518149995331,0.9180327868852459,-4647.2000000000035,12371.740000000042,0.3733247100058414,7509.450000000009,0.8842
M-SKIP,L3_1005,Y2021,244,244,11983.000000000007,49.110655737704946,1.2668518149995331,0.9180327868852459,-4647.2000000000035,12371.740000000042,0.3733247100058414,7509.450000000009,0.8842
M-SKIP,DOUBLE,WF_2021_2024,244,243,7856.06000000001,32.196967213114796,0.8297425529524917,0.9094650205761317,-4640.900000000003,13827.679999999988,0.6239896334803953,2953.9600000000137,0.7909
M-SKIP,DOUBLE,Y2021,244,243,7856.06000000001,32.196967213114796,0.8297425529524917,0.9094650205761317,-4640.900000000003,13827.679999999988,0.6239896334803953,2953.9600000000137,0.7909
M-FORCED,L1,WF_2021_2024,244,244,14745.500000000007,60.43237704918036,1.521381958085162,0.9180327868852459,-4614.500000000004,12205.499999999982,0.3635007290359769,9385.500000000007,0.9225
M-FORCED,L1,Y2021,244,244,14745.500000000007,60.43237704918036,1.521381958085162,0.9180327868852459,-4614.500000000004,12205.499999999982,0.3635007290359769,9385.500000000007,0.9225
M-FORCED,P75,WF_2021_2024,244,244,13749.250000000007,56.34938524590167,1.4189999240373776,0.9180327868852459,-4618.250000000004,12496.749999999982,0.3871120242922339,8426.750000000007,0.9084
M-FORCED,P75,Y2021,244,244,13749.250000000007,56.34938524590167,1.4189999240373776,0.9180327868852459,-4618.250000000004,12496.749999999982,0.3871120242922339,8426.750000000007,0.9084
M-FORCED,L2,WF_2021_2024,244,244,12753.000000000007,52.26639344262298,1.3165454181414928,0.9139344262295082,-4622.000000000004,12787.999999999982,0.41441229514623984,7468.000000000007,0.8913
M-FORCED,L2,Y2021,244,244,12753.000000000007,52.26639344262298,1.3165454181414928,0.9139344262295082,-4622.000000000004,12787.999999999982,0.41441229514623984,7468.000000000007,0.8913
M-FORCED,L3,WF_2021_2024,244,244,11297.370000000008,46.30069672131151,1.1664361508940218,0.9139344262295082,-4627.2000000000035,13211.920000000038,0.4632538369549724,6063.8200000000115,0.8667
M-FORCED,L3,Y2021,244,244,11297.370000000008,46.30069672131151,1.1664361508940218,0.9139344262295082,-4627.2000000000035,13211.920000000038,0.4632538369549724,6063.8200000000115,0.8667
M-FORCED,L2_1001,WF_2021_2024,244,244,13073.000000000007,53.57786885245905,1.3494102767270764,0.9180327868852459,-4642.000000000004,12687.999999999982,0.4050332746882886,7778.000000000007,0.8985
M-FORCED,L2_1001,Y2021,244,244,13073.000000000007,53.57786885245905,1.3494102767270764,0.9180327868852459,-4642.000000000004,12687.999999999982,0.4050332746882886,7778.000000000007,0.8985
M-FORCED,L3_1001,WF_2021_2024,244,244,11607.370000000014,47.57118852459022,1.1983431755634513,0.9180327868852459,-4647.2000000000035,13116.830000000034,0.45174315973385826,6363.820000000013,0.8755
M-FORCED,L3_1001,Y2021,244,244,11607.370000000014,47.57118852459022,1.1983431755634513,0.9180327868852459,-4647.2000000000035,13116.830000000034,0.45174315973385826,6363.820000000013,0.8755
M-FORCED,L2_1003,WF_2021_2024,244,244,12913.000000000007,52.922131147541016,1.3306133886154055,0.9180327868852459,-4657.000000000004,12607.999999999982,0.38836831100441394,7898.000000000007,0.897
M-FORCED,L2_1003,Y2021,244,244,12913.000000000007,52.922131147541016,1.3306133886154055,0.9180327868852459,-4657.000000000004,12607.999999999982,0.38836831100441394,7898.000000000007,0.897
M-FORCED,L3_1003,WF_2021_2024,244,244,11437.820000000009,46.87631147540987,1.1788126027026038,0.9180327868852459,-4662.2000000000035,13036.830000000038,0.4339594433204926,6474.2700000000095,0.8737
M-FORCED,L3_1003,Y2021,244,244,11437.820000000009,46.87631147540987,1.1788126027026038,0.9180327868852459,-4662.2000000000035,13036.830000000038,0.4339594433204926,6474.2700000000095,0.8737
M-FORCED,L2_1005,WF_2021_2024,244,244,13218.000000000007,54.172131147541016,1.3666269092747327,0.9180327868852459,-4642.000000000004,12362.999999999982,0.35898017854440895,8473.000000000007,0.903
M-FORCED,L2_1005,Y2021,244,244,13218.000000000007,54.172131147541016,1.3666269092747327,0.9180327868852459,-4642.000000000004,12362.999999999982,0.35898017854440895,8473.000000000007,0.903
M-FORCED,L3_1005,WF_2021_2024,244,244,11717.910000000007,48.024221311475436,1.2117662442380766,0.9180327868852459,-4647.2000000000035,12806.740000000042,0.40054497773067016,7024.360000000009,0.8796
M-FORCED,L3_1005,Y2021,244,244,11717.910000000007,48.024221311475436,1.2117662442380766,0.9180327868852459,-4647.2000000000035,12806.740000000042,0.40054497773067016,7024.360000000009,0.8796
M-FORCED,DOUBLE,WF_2021_2024,244,243,7645.880000000012,31.33557377049185,0.7899563831185674,0.9094650205761317,-4640.900000000003,14252.67999999998,0.6673005592554412,2543.7800000000116,0.7835
M-FORCED,DOUBLE,Y2021,244,243,7645.880000000012,31.33557377049185,0.7899563831185674,0.9094650205761317,-4640.900000000003,14252.67999999998,0.6673005592554412,2543.7800000000116,0.7835
B-FIX-05,L1,WF_2021_2024,244,244,14380.499999999998,58.936475409836056,2.8649892606115666,0.9795081967213115,-4614.500000000004,6154.000000000044,0.07857863078474324,13250.499999999998,0.9839
B-FIX-05,L1,Y2021,244,244,14380.499999999998,58.936475409836056,2.8649892606115666,0.9795081967213115,-4614.500000000004,6154.000000000044,0.07857863078474324,13250.499999999998,0.9839
B-FIX-05,P75,WF_2021_2024,244,244,13634.249999999998,55.878073770491795,2.716612654992356,0.9795081967213115,-4618.250000000004,6184.000000000044,0.08104589544712765,12529.249999999998,0.9796
B-FIX-05,P75,Y2021,244,244,13634.249999999998,55.878073770491795,2.716612654992356,0.9795081967213115,-4618.250000000004,6184.000000000044,0.08104589544712765,12529.249999999998,0.9796
B-FIX-05,L2,WF_2021_2024,244,244,12887.999999999998,52.819672131147534,2.568120258058221,0.9795081967213115,-4622.000000000004,6214.000000000044,0.08379888268156425,11807.999999999998,0.9731
B-FIX-05,L2,Y2021,244,244,12887.999999999998,52.819672131147534,2.568120258058221,0.9795081967213115,-4622.000000000004,6214.000000000044,0.08379888268156425,11807.999999999998,0.9731
B-FIX-05,L3,WF_2021_2024,244,244,11612.809999999996,47.59348360655736,2.31406619838962,0.9795081967213115,-4627.2000000000035,6250.490000000047,0.0907230894159123,10559.259999999997,0.9624
B-FIX-05,L3,Y2021,244,244,11612.809999999996,47.59348360655736,2.31406619838962,0.9795081967213115,-4627.2000000000035,6250.490000000047,0.0907230894159123,10559.259999999997,0.9624
B-FIX-05,L2_1001,WF_2021_2024,244,244,12972.999999999998,53.16803278688524,2.571726557070966,0.9795081967213115,-4642.000000000004,6194.000000000044,0.08594773760888,11857.999999999998,0.9729
B-FIX-05,L2_1001,Y2021,244,244,12972.999999999998,53.16803278688524,2.571726557070966,0.9795081967213115,-4642.000000000004,6194.000000000044,0.08594773760888,11857.999999999998,0.9729
B-FIX-05,L3_1001,WF_2021_2024,244,244,11697.269999999997,47.93963114754097,2.3188790979907217,0.9795081967213115,-4647.2000000000035,6230.490000000049,0.0930601755794301,10608.719999999996,0.9626
B-FIX-05,L3_1001,Y2021,244,244,11697.269999999997,47.93963114754097,2.3188790979907217,0.9795081967213115,-4647.2000000000035,6230.490000000049,0.0930601755794301,10608.719999999996,0.9626
B-FIX-05,L2_1003,WF_2021_2024,244,244,13292.999999999998,54.479508196721305,2.6228039676385144,0.9795081967213115,-4657.000000000004,6199.000000000044,0.08463100880162493,12167.999999999998,0.9782
B-FIX-05,L2_1003,Y2021,244,244,13292.999999999998,54.479508196721305,2.6228039676385144,0.9795081967213115,-4657.000000000004,6199.000000000044,0.08463100880162493,12167.999999999998,0.9782
B-FIX-05,L3_1003,WF_2021_2024,244,244,12017.269999999997,49.251106557377035,2.3711454755545742,0.9795081967213115,-4662.2000000000035,6235.580000000049,0.09141427295883345,10918.719999999996,0.9681
B-FIX-05,L3_1003,Y2021,244,244,12017.269999999997,49.251106557377035,2.3711454755545742,0.9795081967213115,-4662.2000000000035,6235.580000000049,0.09141427295883345,10918.719999999996,0.9681
B-FIX-05,L2_1005,WF_2021_2024,244,244,13422.999999999998,55.0122950819672,2.653821803936915,0.9795081967213115,-4642.000000000004,6144.000000000044,0.08604633837443196,12267.999999999998,0.9796
B-FIX-05,L2_1005,Y2021,244,244,13422.999999999998,55.0122950819672,2.653821803936915,0.9795081967213115,-4642.000000000004,6144.000000000044,0.08604633837443196,12267.999999999998,0.9796
B-FIX-05,L3_1005,WF_2021_2024,244,244,12146.819999999996,49.78204918032785,2.4015674718197766,0.9795081967213115,-4647.2000000000035,6180.580000000047,0.09290909060972341,11018.269999999995,0.9689
B-FIX-05,L3_1005,Y2021,244,244,12146.819999999996,49.78204918032785,2.4015674718197766,0.9795081967213115,-4647.2000000000035,6180.580000000047,0.09290909060972341,11018.269999999995,0.9689
B-FIX-05,DOUBLE,WF_2021_2024,244,243,8641.219999999998,35.41483606557376,1.7221772782107585,0.9794238683127572,-4640.900000000003,6353.980000000041,0.11278500026616617,7666.619999999998,0.9205
B-FIX-05,DOUBLE,Y2021,244,243,8641.219999999998,35.41483606557376,1.7221772782107585,0.9794238683127572,-4640.900000000003,6353.980000000041,0.11278500026616617,7666.619999999998,0.9205
B-FIX-10,L1,WF_2021_2024,244,244,15905.500000000016,65.18647540983613,1.7614586095855842,0.930327868852459,-6012.000000000004,9506.500000000044,0.14586149445160465,13585.500000000016,0.9491
B-FIX-10,L1,Y2021,244,244,15905.500000000016,65.18647540983613,1.7614586095855842,0.930327868852459,-6012.000000000004,9506.500000000044,0.14586149445160465,13585.500000000016,0.9491
B-FIX-10,P75,WF_2021_2024,244,244,14754.250000000016,60.4682377049181,1.6347734198117865,0.930327868852459,-6017.000000000004,9550.250000000044,0.15334564616974752,12491.750000000016,0.9384
B-FIX-10,P75,Y2021,244,244,14754.250000000016,60.4682377049181,1.6347734198117865,0.930327868852459,-6017.000000000004,9550.250000000044,0.15334564616974752,12491.750000000016,0.9384
B-FIX-10,L2,WF_2021_2024,244,244,13603.000000000016,55.750000000000064,1.5079008344361073,0.930327868852459,-6022.000000000004,9594.000000000044,0.16209659633904266,11398.000000000016,0.9257
B-FIX-10,L2,Y2021,244,244,13603.000000000016,55.750000000000064,1.5079008344361073,0.930327868852459,-6022.000000000004,9594.000000000044,0.16209659633904266,11398.000000000016,0.9257
B-FIX-10,L3,WF_2021_2024,244,244,12207.01000000002,50.028729508196804,1.3535986760142433,0.930327868852459,-6027.290000000004,9630.940000000046,0.17641912311040922,10053.46000000002,0.9038
B-FIX-10,L3,Y2021,244,244,12207.01000000002,50.028729508196804,1.3535986760142433,0.930327868852459,-6027.290000000004,9630.940000000046,0.17641912311040922,10053.46000000002,0.9038
B-FIX-10,L2_1001,WF_2021_2024,244,244,13843.000000000016,56.733606557377115,1.5267344539421628,0.930327868852459,-6067.000000000004,9599.000000000044,0.16939969659755813,11498.000000000016,0.9285
B-FIX-10,L2_1001,Y2021,244,244,13843.000000000016,56.733606557377115,1.5267344539421628,0.930327868852459,-6067.000000000004,9599.000000000044,0.16939969659755813,11498.000000000016,0.9285
B-FIX-10,L3_1001,WF_2021_2024,244,244,12421.92000000002,50.9095081967214,1.3703708324293147,0.930327868852459,-6072.290000000004,9635.94000000005,0.184637318546569,10128.370000000019,0.9079
B-FIX-10,L3_1001,Y2021,244,244,12421.92000000002,50.9095081967214,1.3703708324293147,0.930327868852459,-6072.290000000004,9635.94000000005,0.184637318546569,10128.370000000019,0.9079
B-FIX-10,L2_1003,WF_2021_2024,244,244,14513.000000000016,59.479508196721376,1.5926569092999812,0.930327868852459,-6102.000000000004,9624.000000000044,0.15951216151036984,12198.000000000016,0.9364
B-FIX-10,L2_1003,Y2021,244,244,14513.000000000016,59.479508196721376,1.5926569092999812,0.930327868852459,-6102.000000000004,9624.000000000044,0.15951216151036984,12198.000000000016,0.9364
B-FIX-10,L3_1003,WF_2021_2024,244,244,13068.180000000018,53.55811475409843,1.434642226881828,0.930327868852459,-6107.2000000000035,9665.76000000005,0.17321080670759026,10804.63000000002,0.9203
B-FIX-10,L3_1003,Y2021,244,244,13068.180000000018,53.55811475409843,1.434642226881828,0.930327868852459,-6107.2000000000035,9665.76000000005,0.17321080670759026,10804.63000000002,0.9203
B-FIX-10,L2_1005,WF_2021_2024,244,244,14693.000000000016,60.217213114754166,1.6160769432867015,0.930327868852459,-6077.000000000004,9509.000000000044,0.1650445790512487,12268.000000000016,0.9387
B-FIX-10,L2_1005,Y2021,244,244,14693.000000000016,60.217213114754166,1.6160769432867015,0.930327868852459,-6077.000000000004,9509.000000000044,0.1650445790512487,12268.000000000016,0.9387
B-FIX-10,L3_1005,WF_2021_2024,244,244,13243.36000000002,54.27606557377057,1.4570752062442018,0.930327868852459,-6082.290000000004,9555.85000000005,0.17922566478597549,10869.81000000002,0.9231
B-FIX-10,L3_1005,Y2021,244,244,13243.36000000002,54.27606557377057,1.4570752062442018,0.930327868852459,-6082.290000000004,9555.85000000005,0.17922566478597549,10869.81000000002,0.9231
B-FIX-10,DOUBLE,WF_2021_2024,244,243,8282.840000000018,33.94606557377057,0.9194843508155917,0.9259259259259259,-6043.580000000004,9762.380000000043,0.2399056362310507,6295.740000000018,0.8253
B-FIX-10,DOUBLE,Y2021,244,243,8282.840000000018,33.94606557377057,0.9194843508155917,0.9259259259259259,-6043.580000000004,9762.380000000043,0.2399056362310507,6295.740000000018,0.8253
B-FIX-15,L1,WF_2021_2024,244,244,16515.999999999927,67.68852459016364,1.2928890041737455,0.8975409836065574,-6889.500000000004,11319.000000000044,0.2179704528941642,12915.999999999927,0.9156
B-FIX-15,L1,Y2021,244,244,16515.999999999927,67.68852459016364,1.2928890041737455,0.8975409836065574,-6889.500000000004,11319.000000000044,0.2179704528941642,12915.999999999927,0.9156
B-FIX-15,P75,WF_2021_2024,244,244,14638.499999999927,59.9938524590161,1.1469319389413377,0.8975409836065574,-6895.750000000004,11369.000000000044,0.24097414352563565,11110.999999999927,0.8932
B-FIX-15,P75,Y2021,244,244,14638.499999999927,59.9938524590161,1.1469319389413377,0.8975409836065574,-6895.750000000004,11369.000000000044,0.24097414352563565,11110.999999999927,0.8932
B-FIX-15,L2,WF_2021_2024,244,244,12760.999999999927,52.299180327868555,1.0004350813969691,0.8975409836065574,-6902.000000000004,11419.000000000044,0.2707468066765943,9305.999999999927,0.8655
B-FIX-15,L2,Y2021,244,244,12760.999999999927,52.299180327868555,1.0004350813969691,0.8975409836065574,-6902.000000000004,11419.000000000044,0.2707468066765943,9305.999999999927,0.8655
B-FIX-15,L3,WF_2021_2024,244,242,11028.899999999932,45.2004098360653,0.8649906670047922,0.8966942148760331,-6907.290000000003,11461.030000000048,0.3086028525056915,7625.349999999931,0.8332
B-FIX-15,L3,Y2021,244,242,11028.899999999932,45.2004098360653,0.8649906670047922,0.8966942148760331,-6907.290000000003,11461.030000000048,0.3086028525056915,7625.349999999931,0.8332
B-FIX-15,L2_1001,WF_2021_2024,244,244,13985.999999999927,57.31967213114724,1.0907535482126778,0.8975409836065574,-6977.000000000004,11454.000000000044,0.26633776633776773,10260.999999999927,0.8844
B-FIX-15,L2_1001,Y2021,244,244,13985.999999999927,57.31967213114724,1.0907535482126778,0.8975409836065574,-6977.000000000004,11454.000000000044,0.26633776633776773,10260.999999999927,0.8844
B-FIX-15,L3_1001,WF_2021_2024,244,244,12196.319999999934,49.98491803278662,0.9515462221254573,0.8975409836065574,-6982.290000000003,11500.940000000048,0.3012015099636628,8522.769999999935,0.8553
B-FIX-15,L3_1001,Y2021,244,244,12196.319999999934,49.98491803278662,0.9515462221254573,0.8975409836065574,-6982.290000000003,11500.940000000048,0.3012015099636628,8522.769999999935,0.8553
B-FIX-15,L2_1003,WF_2021_2024,244,244,15095.999999999927,61.8688524590161,1.1751121428720968,0.8975409836065574,-7037.000000000005,11464.000000000044,0.23483041865394919,11550.999999999927,0.9018
B-FIX-15,L2_1003,Y2021,244,244,15095.999999999927,61.8688524590161,1.1751121428720968,0.8975409836065574,-7037.000000000005,11464.000000000044,0.23483041865394919,11550.999999999927,0.9018
B-FIX-15,L3_1003,WF_2021_2024,244,244,13336.499999999933,54.65778688524563,1.03861558464811,0.8975409836065574,-7042.290000000004,11510.94000000005,0.26195403591647115,9842.949999999933,0.8797
B-FIX-15,L3_1003,Y2021,244,244,13336.499999999933,54.65778688524563,1.03861558464811,0.8975409836065574,-7042.290000000004,11510.94000000005,0.26195403591647115,9842.949999999933,0.8797
B-FIX-15,L2_1005,WF_2021_2024,244,244,15190.999999999927,62.25819672131118,1.1842474026469958,0.8975409836065574,-6992.000000000004,11289.000000000044,0.243236126653941,11495.999999999927,0.905
B-FIX-15,L2_1005,Y2021,244,244,15190.999999999927,62.25819672131118,1.1842474026469958,0.8975409836065574,-6992.000000000004,11289.000000000044,0.243236126653941,11495.999999999927,0.905
B-FIX-15,L3_1005,WF_2021_2024,244,244,13382.129999999936,54.84479508196695,1.0437326205346982,0.8975409836065574,-6997.290000000004,11335.94000000005,0.27226981056080146,9738.57999999993,0.8788
B-FIX-15,L3_1005,Y2021,244,244,13382.129999999936,54.84479508196695,1.0437326205346982,0.8975409836065574,-6997.290000000004,11335.94000000005,0.27226981056080146,9738.57999999993,0.8788
B-FIX-15,DOUBLE,WF_2021_2024,244,240,6272.319999999951,25.706229508196518,0.4927611483071666,0.9,-6926.0800000000045,11609.880000000045,0.510512856486918,3070.2199999999484,0.7147
B-FIX-15,DOUBLE,Y2021,244,240,6272.319999999951,25.706229508196518,0.4927611483071666,0.9,-6926.0800000000045,11609.880000000045,0.510512856486918,3070.2199999999484,0.7147
B-FIX-20,L1,WF_2021_2024,244,244,17839.999999999978,73.11475409836056,1.0958303657076622,0.8729508196721312,-7312.000000000005,12184.500000000055,0.2769058295964129,12899.999999999976,0.9073
B-FIX-20,L1,Y2021,244,244,17839.999999999978,73.11475409836056,1.0958303657076622,0.8729508196721312,-7312.000000000005,12184.500000000055,0.2769058295964129,12899.999999999976,0.9073
B-FIX-20,P75,WF_2021_2024,244,244,15564.999999999978,63.79098360655729,0.9572781209163697,0.8729508196721312,-7319.500000000003,12248.250000000055,0.3136845486668813,10682.499999999978,0.8787
B-FIX-20,P75,Y2021,244,244,15564.999999999978,63.79098360655729,0.9572781209163697,0.8729508196721312,-7319.500000000003,12248.250000000055,0.3136845486668813,10682.499999999978,0.8787
B-FIX-20,L2,WF_2021_2024,244,244,13289.999999999978,54.46721311475401,0.8181548216777023,0.8688524590163934,-7327.000000000004,12312.000000000055,0.36305492851768306,8464.999999999978,0.8412
B-FIX-20,L2,Y2021,244,244,13289.999999999978,54.46721311475401,0.8181548216777023,0.8688524590163934,-7327.000000000004,12312.000000000055,0.36305492851768306,8464.999999999978,0.8412
B-FIX-20,L3,WF_2021_2024,244,244,11279.329999999985,46.226762295081905,0.6944724232270103,0.8647540983606558,-7337.2900000000045,12379.03000000006,0.4232121943413311,6505.779999999983,0.8033
B-FIX-20,L3,Y2021,244,244,11279.329999999985,46.226762295081905,0.6944724232270103,0.8647540983606558,-7337.2900000000045,12379.03000000006,0.4232121943413311,6505.779999999983,0.8033
B-FIX-20,L2_1001,WF_2021_2024,244,244,14314.999999999978,58.668032786885156,0.8773666734734277,0.8647540983606558,-7417.000000000004,12357.000000000055,0.3587146349982541,9179.999999999978,0.8593
B-FIX-20,L2_1001,Y2021,244,244,14314.999999999978,58.668032786885156,0.8773666734734277,0.8647540983606558,-7417.000000000004,12357.000000000055,0.3587146349982541,9179.999999999978,0.8593
B-FIX-20,L3_1001,WF_2021_2024,244,244,12354.329999999985,50.63249999999994,0.7573851408683423,0.8647540983606558,-7422.290000000004,12414.030000000057,0.41147921417025507,7270.779999999989,0.8234
B-FIX-20,L3_1001,Y2021,244,244,12354.329999999985,50.63249999999994,0.7573851408683423,0.8647540983606558,-7422.290000000004,12414.030000000057,0.41147921417025507,7270.779999999989,0.8234
B-FIX-20,L2_1003,WF_2021_2024,244,244,15469.999999999976,63.4016393442622,0.9471860973225318,0.8688524590163934,-7487.000000000005,12357.000000000055,0.3177117000646417,10554.999999999978,0.8805
B-FIX-20,L2_1003,Y2021,244,244,15469.999999999976,63.4016393442622,0.9471860973225318,0.8688524590163934,-7487.000000000005,12357.000000000055,0.3177117000646417,10554.999999999978,0.8805
B-FIX-20,L3_1003,WF_2021_2024,244,244,13464.329999999985,55.18168032786879,0.8246200852661816,0.8688524590163934,-7492.290000000004,12409.03000000006,0.36121737955026395,8600.779999999988,0.8478
B-FIX-20,L3_1003,Y2021,244,244,13464.329999999985,55.18168032786879,0.8246200852661816,0.8688524590163934,-7492.290000000004,12409.03000000006,0.36121737955026395,8600.779999999988,0.8478
B-FIX-20,L2_1005,WF_2021_2024,244,244,15704.999999999978,64.36475409836056,0.96203805522498,0.8688524590163934,-7437.000000000005,12182.000000000055,0.32823941419930003,10549.999999999978,0.8822
B-FIX-20,L2_1005,Y2021,244,244,15704.999999999978,64.36475409836056,0.96203805522498,0.8688524590163934,-7437.000000000005,12182.000000000055,0.32823941419930003,10549.999999999978,0.8822
B-FIX-20,L3_1005,WF_2021_2024,244,244,13674.419999999984,56.04270491803272,0.8379527420029698,0.8647540983606558,-7442.290000000004,12234.03000000006,0.37321875443346086,8570.869999999986,0.8505
B-FIX-20,L3_1005,Y2021,244,244,13674.419999999984,56.04270491803272,0.8379527420029698,0.8647540983606558,-7442.290000000004,12234.03000000006,0.37321875443346086,8570.869999999986,0.8505
B-FIX-20,DOUBLE,WF_2021_2024,244,243,4780.279999999991,19.591311475409796,0.29474754935741154,0.8641975308641975,-7363.5800000000045,12580.560000000056,0.9627260327846924,178.1799999999912,0.6501
B-FIX-20,DOUBLE,Y2021,244,243,4780.279999999991,19.591311475409796,0.29474754935741154,0.8641975308641975,-7363.5800000000045,12580.560000000056,0.9627260327846924,178.1799999999912,0.6501
B-FIX-25,L1,WF_2021_2024,244,244,19200.500000000025,78.69057377049191,0.9920080041297006,0.8565573770491803,-7722.000000000004,13712.000000000055,0.3244707169084134,12970.500000000025,0.8881
B-FIX-25,L1,Y2021,244,244,19200.500000000025,78.69057377049191,0.9920080041297006,0.8565573770491803,-7722.000000000004,13712.000000000055,0.3244707169084134,12970.500000000025,0.8881
B-FIX-25,P75,WF_2021_2024,244,244,17016.750000000025,69.7407786885247,0.8799483052469084,0.8565573770491803,-7729.500000000004,13799.500000000055,0.3630246668723458,10839.250000000025,0.861
B-FIX-25,P75,Y2021,244,244,17016.750000000025,69.7407786885247,0.8799483052469084,0.8565573770491803,-7729.500000000004,13799.500000000055,0.3630246668723458,10839.250000000025,0.861
B-FIX-25,L2,WF_2021_2024,244,244,14833.000000000027,60.79098360655749,0.7676230544048684,0.8524590163934426,-7737.000000000005,13887.000000000055,0.4129306276545533,8708.000000000027,0.8285
B-FIX-25,L2,Y2021,244,244,14833.000000000027,60.79098360655749,0.7676230544048684,0.8524590163934426,-7737.000000000005,13887.000000000055,0.4129306276545533,8708.000000000027,0.8285
B-FIX-25,L3,WF_2021_2024,244,244,12602.240000000034,51.64852459016407,0.6522520527801776,0.8483606557377049,-7747.290000000004,13954.030000000053,0.4819420991823663,6528.690000000034,0.7873
B-FIX-25,L3,Y2021,244,244,12602.240000000034,51.64852459016407,0.6522520527801776,0.8483606557377049,-7747.290000000004,13954.030000000053,0.4819420991823663,6528.690000000034,0.7873
B-FIX-25,L2_1001,WF_2021_2024,244,244,15918.000000000025,65.23770491803289,0.8203123306608187,0.8565573770491803,-7847.000000000004,13852.000000000055,0.4011182309335337,9533.000000000025,0.8467
B-FIX-25,L2_1001,Y2021,244,244,15918.000000000025,65.23770491803289,0.8203123306608187,0.8565573770491803,-7847.000000000004,13852.000000000055,0.4011182309335337,9533.000000000025,0.8467
B-FIX-25,L3_1001,WF_2021_2024,244,244,13697.240000000034,56.13622950819686,0.70597370109379,0.8565573770491803,-7857.290000000003,13919.030000000057,0.4623960739535837,7363.690000000034,0.8122
B-FIX-25,L3_1001,Y2021,244,244,13697.240000000034,56.13622950819686,0.70597370109379,0.8565573770491803,-7857.290000000003,13919.030000000057,0.4623960739535837,7363.690000000034,0.8122
B-FIX-25,L2_1003,WF_2021_2024,244,244,17383.000000000025,71.24180327868864,0.894344251234989,0.8565573770491803,-7932.000000000003,13942.000000000055,0.3711097048840818,10932.000000000022,0.8671
B-FIX-25,L2_1003,Y2021,244,244,17383.000000000025,71.24180327868864,0.894344251234989,0.8565573770491803,-7932.000000000003,13942.000000000055,0.3711097048840818,10932.000000000022,0.8671
B-FIX-25,L3_1003,WF_2021_2024,244,244,15187.330000000033,62.24315573770505,0.7815051586245406,0.8565573770491803,-7937.2900000000045,14004.03000000006,0.42137426394237765,8787.780000000028,0.8383
B-FIX-25,L3_1003,Y2021,244,244,15187.330000000033,62.24315573770505,0.7815051586245406,0.8565573770491803,-7937.2900000000045,14004.03000000006,0.42137426394237765,8787.780000000028,0.8383
B-FIX-25,L2_1005,WF_2021_2024,244,244,17523.000000000025,71.81557377049191,0.9024367313322462,0.860655737704918,-7867.000000000004,13652.000000000055,0.3789876162757515,10882.000000000022,0.8688
B-FIX-25,L2_1005,Y2021,244,244,17523.000000000025,71.81557377049191,0.9024367313322462,0.860655737704918,-7867.000000000004,13652.000000000055,0.3789876162757515,10882.000000000022,0.8688
B-FIX-25,L3_1005,WF_2021_2024,244,244,15337.24000000003,62.85754098360668,0.7898925526536711,0.8565573770491803,-7877.290000000004,13719.03000000006,0.42964379510263845,8747.690000000031,0.8392
B-FIX-25,L3_1005,Y2021,244,244,15337.24000000003,62.85754098360668,0.7898925526536711,0.8565573770491803,-7877.290000000004,13719.03000000006,0.42964379510263845,8747.690000000031,0.8392
B-FIX-25,DOUBLE,WF_2021_2024,244,243,5772.560000000044,23.658032786885425,0.29918609627224824,0.8436213991769548,-7773.580000000004,14203.060000000054,1.0241729839100773,-139.53999999995722,0.6517
B-FIX-25,DOUBLE,Y2021,244,243,5772.560000000044,23.658032786885425,0.29918609627224824,0.8436213991769548,-7773.580000000004,14203.060000000054,1.0241729839100773,-139.53999999995722,0.6517
B-FIX-30,L1,WF_2021_2024,244,244,16443.499999999945,67.39139344262273,0.7386440240343027,0.8155737704918032,-8477.000000000004,14797.000000000055,0.46705385106577224,8763.499999999945,0.8245
B-FIX-30,L1,Y2021,244,244,16443.499999999945,67.39139344262273,0.7386440240343027,0.8155737704918032,-8477.000000000004,14797.000000000055,0.46705385106577224,8763.499999999945,0.8245
B-FIX-30,P75,WF_2021_2024,244,244,13819.749999999945,56.638319672130926,0.6203840236200339,0.8155737704918032,-8562.000000000004,14957.000000000055,0.5506611914108454,6209.749999999947,0.7841
B-FIX-30,P75,Y2021,244,244,13819.749999999945,56.638319672130926,0.6203840236200339,0.8155737704918032,-8562.000000000004,14957.000000000055,0.5506611914108454,6209.749999999947,0.7841
B-FIX-30,L2,WF_2021_2024,244,244,11195.999999999945,45.885245901639124,0.5022034676519505,0.8073770491803278,-8647.000000000004,15117.000000000055,0.6739013933547728,3650.999999999945,0.7393
B-FIX-30,L2,Y2021,244,244,11195.999999999945,45.885245901639124,0.5022034676519505,0.8073770491803278,-8647.000000000004,15117.000000000055,0.6739013933547728,3650.999999999945,0.7393
B-FIX-30,L3,WF_2021_2024,244,244,8790.239999999958,36.02557377049163,0.39429963155358616,0.8073770491803278,-8657.290000000005,15184.030000000057,0.8524852563752566,1296.6899999999566,0.6948
B-FIX-30,L3,Y2021,244,244,8790.239999999958,36.02557377049163,0.39429963155358616,0.8073770491803278,-8657.290000000005,15184.030000000057,0.8524852563752566,1296.6899999999566,0.6948
B-FIX-30,L2_1001,WF_2021_2024,244,244,12950.999999999942,53.07786885245878,0.5801502650026097,0.8114754098360656,-8647.000000000004,15052.000000000055,0.6196432707899032,4925.9999999999445,0.7714
B-FIX-30,L2_1001,Y2021,244,244,12950.999999999942,53.07786885245878,0.5801502650026097,0.8114754098360656,-8647.000000000004,15052.000000000055,0.6196432707899032,4925.9999999999445,0.7714
B-FIX-30,L3_1001,WF_2021_2024,244,244,10550.239999999952,43.23868852458997,0.47260957037476053,0.8114754098360656,-8657.290000000005,15119.030000000057,0.7557695369963182,2576.6899999999523,0.7323
B-FIX-30,L3_1001,Y2021,244,244,10550.239999999952,43.23868852458997,0.47260957037476053,0.8114754098360656,-8657.290000000005,15119.030000000057,0.7557695369963182,2576.6899999999523,0.7323
B-FIX-30,L2_1003,WF_2021_2024,244,244,14655.999999999944,60.065573770491575,0.6565427602118751,0.819672131147541,-8777.000000000004,15187.000000000055,0.5304994541484737,6880.9999999999445,0.7985
B-FIX-30,L2_1003,Y2021,244,244,14655.999999999944,60.065573770491575,0.6565427602118751,0.819672131147541,-8777.000000000004,15187.000000000055,0.5304994541484737,6880.9999999999445,0.7985
B-FIX-30,L3_1003,WF_2021_2024,244,244,12280.23999999995,50.32885245901619,0.5501151650331748,0.819672131147541,-8787.290000000005,15254.030000000057,0.6289412910496889,4556.6899999999505,0.7622
B-FIX-30,L3_1003,Y2021,244,244,12280.23999999995,50.32885245901619,0.5501151650331748,0.819672131147541,-8787.290000000005,15254.030000000057,0.6289412910496889,4556.6899999999505,0.7622
B-FIX-30,L2_1005,WF_2021_2024,244,244,14920.999999999945,61.15163934426207,0.6694410894121637,0.8237704918032787,-8677.000000000004,14862.000000000055,0.5465451377253555,6765.9999999999445,0.804
B-FIX-30,L2_1005,Y2021,244,244,14920.999999999945,61.15163934426207,0.6694410894121637,0.8237704918032787,-8677.000000000004,14862.000000000055,0.5465451377253555,6765.9999999999445,0.804
B-FIX-30,L3_1005,WF_2021_2024,244,244,12595.239999999954,51.61983606557358,0.5650851414234092,0.819672131147541,-8687.290000000005,14929.030000000057,0.6433819442900675,4491.689999999956,0.767
B-FIX-30,L3_1005,Y2021,244,244,12595.239999999954,51.61983606557358,0.5650851414234092,0.819672131147541,-8687.290000000005,14929.030000000057,0.6433819442900675,4491.689999999956,0.767
B-FIX-30,DOUBLE,WF_2021_2024,244,244,893.3399999999638,3.661229508196573,0.03999215109439994,0.8032786885245902,-8838.580000000004,15997.200000000115,8.179528510981594,-6413.760000000035,0.536
B-FIX-30,DOUBLE,Y2021,244,244,893.3399999999638,3.661229508196573,0.03999215109439994,0.8032786885245902,-8838.580000000004,15997.200000000115,8.179528510981594,-6413.760000000035,0.536
B-FIX-40,L1,WF_2021_2024,244,244,17161.999999999993,70.33606557377047,0.6276378294293464,0.7459016393442623,-8747.000000000004,16250.000000000211,0.6312201375131123,6328.999999999964,0.7942
B-FIX-40,L1,Y2021,244,244,17161.999999999993,70.33606557377047,0.6276378294293464,0.7459016393442623,-8747.000000000004,16250.000000000211,0.6312201375131123,6328.999999999964,0.7942
B-FIX-40,P75,WF_2021_2024,244,244,14309.499999999996,58.645491803278674,0.523313396198964,0.7459016393442623,-8797.000000000004,17007.50000000021,0.7516335301722654,3553.999999999965,0.7512
B-FIX-40,P75,Y2021,244,244,14309.499999999996,58.645491803278674,0.523313396198964,0.7459016393442623,-8797.000000000004,17007.50000000021,0.7516335301722654,3553.999999999965,0.7512
B-FIX-40,L2,WF_2021_2024,244,244,11456.999999999995,46.954918032786864,0.41895995248407536,0.7459016393442623,-8847.000000000004,17765.00000000021,0.9320066334991738,778.9999999999636,0.7057
B-FIX-40,L2,Y2021,244,244,11456.999999999995,46.954918032786864,0.41895995248407536,0.7459016393442623,-8847.000000000004,17765.00000000021,0.9320066334991738,778.9999999999636,0.7057
B-FIX-40,L3,WF_2021_2024,244,244,8966.240000000002,36.746885245901645,0.32787584497147687,0.7459016393442623,-8857.290000000005,18351.53000000022,1.1851734952443864,-1660.310000000029,0.6658
B-FIX-40,L3,Y2021,244,244,8966.240000000002,36.746885245901645,0.32787584497147687,0.7459016393442623,-8857.290000000005,18351.53000000022,1.1851734952443864,-1660.310000000029,0.6658
B-FIX-40,L2_1001,WF_2021_2024,244,244,13351.999999999996,54.72131147540982,0.4873262386296227,0.75,-9017.000000000004,17020.00000000021,0.825943678849613,2323.9999999999673,0.7387
B-FIX-40,L2_1001,Y2021,244,244,13351.999999999996,54.72131147540982,0.4873262386296227,0.75,-9017.000000000004,17020.00000000021,0.825943678849613,2323.9999999999673,0.7387
B-FIX-40,L3_1001,WF_2021_2024,244,244,10871.240000000007,44.554262295082,0.39679130577327304,0.7459016393442623,-9027.290000000005,17601.53000000024,1.0096870274228167,-105.31000000003314,0.7009
B-FIX-40,L3_1001,Y2021,244,244,10871.240000000007,44.554262295082,0.39679130577327304,0.7459016393442623,-9027.290000000005,17601.53000000024,1.0096870274228167,-105.31000000003314,0.7009
B-FIX-40,L2_1003,WF_2021_2024,244,244,15396.999999999993,63.10245901639341,0.5637026644773084,0.7418032786885246,-9177.000000000004,16232.000000000055,0.7013054491134659,4598.999999999964,0.7715
B-FIX-40,L2_1003,Y2021,244,244,15396.999999999993,63.10245901639341,0.5637026644773084,0.7418032786885246,-9177.000000000004,16232.000000000055,0.7013054491134659,4598.999999999964,0.7715
B-FIX-40,L3_1003,WF_2021_2024,244,244,12911.239999999996,52.91491803278687,0.47270772268364886,0.7418032786885246,-9187.290000000005,16299.030000000057,0.8323406582171837,2164.689999999973,0.7349
B-FIX-40,L3_1003,Y2021,244,244,12911.239999999996,52.91491803278687,0.47270772268364886,0.7418032786885246,-9187.290000000005,16299.030000000057,0.8323406582171837,2164.689999999973,0.7349
B-FIX-40,L2_1005,WF_2021_2024,244,244,15551.999999999995,63.73770491803276,0.5700485346982498,0.75,-9067.000000000004,16211.00000000003,0.7271090534979445,4243.999999999966,0.7729
B-FIX-40,L2_1005,Y2021,244,244,15551.999999999995,63.73770491803276,0.5700485346982498,0.75,-9067.000000000004,16211.00000000003,0.7271090534979445,4243.999999999966,0.7729
B-FIX-40,L3_1005,WF_2021_2024,244,244,13081.24,53.611639344262294,0.47949498466251933,0.7459016393442623,-9077.290000000005,16468.250000000033,0.8605109301564705,1824.6899999999778,0.7363
B-FIX-40,L3_1005,Y2021,244,244,13081.24,53.611639344262294,0.47949498466251933,0.7459016393442623,-9077.290000000005,16468.250000000033,0.8605109301564705,1824.6899999999778,0.7363
B-FIX-40,DOUBLE,WF_2021_2024,244,244,526.4800000000103,2.1577049180328287,0.01924467664895576,0.7418032786885246,-8968.580000000004,20510.06000000021,19.782517854429084,-9888.62000000002,0.5176
B-FIX-40,DOUBLE,Y2021,244,244,526.4800000000103,2.1577049180328287,0.01924467664895576,0.7418032786885246,-8968.580000000004,20510.06000000021,19.782517854429084,-9888.62000000002,0.5176
B-FIX-45,L1,WF_2021_2024,244,244,16708.99999999993,68.47950819672103,0.5616815160444033,0.7295081967213115,-9072.000000000004,17643.000000000222,0.7328385899814501,4463.999999999929,0.7586
B-FIX-45,L1,Y2021,244,244,16708.99999999993,68.47950819672103,0.5616815160444033,0.7295081967213115,-9072.000000000004,17643.000000000222,0.7328385899814501,4463.999999999929,0.7586
B-FIX-45,P75,WF_2021_2024,244,244,13658.999999999929,55.97950819672102,0.4590168602981019,0.7213114754098361,-9124.500000000004,18563.000000000222,0.8917197452229345,1478.999999999929,0.7166
B-FIX-45,P75,Y2021,244,244,13658.999999999929,55.97950819672102,0.4590168602981019,0.7213114754098361,-9124.500000000004,18563.000000000222,0.8917197452229345,1478.999999999929,0.7166
B-FIX-45,L2,WF_2021_2024,244,244,10608.999999999929,43.47950819672102,0.35638962711596534,0.7213114754098361,-9177.000000000004,19483.000000000222,1.141954943915551,-1506.000000000071,0.674
B-FIX-45,L2,Y2021,244,244,10608.999999999929,43.47950819672102,0.35638962711596534,0.7213114754098361,-9177.000000000004,19483.000000000222,1.141954943915551,-1506.000000000071,0.674
B-FIX-45,L3,WF_2021_2024,244,244,8108.239999999931,33.230491803278404,0.27238054887030544,0.7213114754098361,-9187.290000000005,20064.530000000243,1.4878136315649393,-3955.310000000066,0.6363
B-FIX-45,L3,Y2021,244,244,8108.239999999931,33.230491803278404,0.27238054887030544,0.7213114754098361,-9187.290000000005,20064.530000000243,1.4878136315649393,-3955.310000000066,0.6363
B-FIX-45,L2_1001,WF_2021_2024,244,244,12733.999999999929,52.188524590163645,0.4273535292978932,0.7254098360655737,-9367.000000000004,18283.000000000222,0.9396104915973038,768.9999999999291,0.7067
B-FIX-45,L2_1001,Y2021,244,244,12733.999999999929,52.188524590163645,0.4273535292978932,0.7254098360655737,-9367.000000000004,18283.000000000222,0.9396104915973038,768.9999999999291,0.7067
B-FIX-45,L3_1001,WF_2021_2024,244,244,10228.239999999927,41.91901639344233,0.3432596870786079,0.7213114754098361,-9377.290000000005,18869.53000000026,1.1647702830594593,-1685.3100000000668,0.6714
B-FIX-45,L3_1001,Y2021,244,244,10228.239999999927,41.91901639344233,0.3432596870786079,0.7213114754098361,-9377.290000000005,18869.53000000026,1.1647702830594593,-1685.3100000000668,0.6714
B-FIX-45,L2_1003,WF_2021_2024,244,244,15193.999999999929,62.2704918032784,0.5118608735199706,0.7254098360655737,-9557.000000000004,17921.00000000005,0.7953797551665168,3108.999999999928,0.7418
B-FIX-45,L2_1003,Y2021,244,244,15193.999999999929,62.2704918032784,0.5118608735199706,0.7254098360655737,-9557.000000000004,17921.00000000005,0.7953797551665168,3108.999999999928,0.7418
B-FIX-45,L3_1003,WF_2021_2024,244,244,12698.239999999929,52.04196721311446,0.4277815687869335,0.7254098360655737,-9567.290000000005,18250.280000000053,0.9476549506073335,664.6899999999368,0.7055
B-FIX-45,L3_1003,Y2021,244,244,12698.239999999929,52.04196721311446,0.4277815687869335,0.7254098360655737,-9567.290000000005,18250.280000000053,0.9476549506073335,664.6899999999368,0.7055
B-FIX-45,L2_1005,WF_2021_2024,244,244,15213.999999999927,62.35245901639315,0.5132309556232406,0.7254098360655737,-9427.000000000004,18991.00000000005,0.8377152622584502,2468.999999999929,0.7435
B-FIX-45,L2_1005,Y2021,244,244,15213.999999999927,62.35245901639315,0.5132309556232406,0.7254098360655737,-9427.000000000004,18991.00000000005,0.8377152622584502,2468.999999999929,0.7435
B-FIX-45,L3_1005,WF_2021_2024,244,244,12713.239999999925,52.10344262295051,0.4288689809308664,0.7254098360655737,-9437.290000000005,19320.28000000005,0.9984512209318847,19.68999999992434,0.7084
B-FIX-45,L3_1005,Y2021,244,244,12713.239999999925,52.10344262295051,0.4288689809308664,0.7254098360655737,-9437.290000000005,19320.28000000005,0.9984512209318847,19.68999999992434,0.7084
B-FIX-45,DOUBLE,WF_2021_2024,244,243,-708.9400000000587,-2.905491803278929,-0.023793238578365045,0.720164609053498,-9303.580000000004,22515.480000000218,,-12586.040000000057,0.4923
B-FIX-45,DOUBLE,Y2021,244,243,-708.9400000000587,-2.905491803278929,-0.023793238578365045,0.720164609053498,-9303.580000000004,22515.480000000218,,-12586.040000000057,0.4923
B-RAND-0,L1,WF_2021_2024,244,244,15189.500000000051,62.25204918032808,0.7488970230089391,0.8483606557377049,-7559.000000000001,10071.999999999978,0.6787583528095043,4879.500000000049,0.8399
B-RAND-0,L1,Y2021,244,244,15189.500000000051,62.25204918032808,0.7488970230089391,0.8483606557377049,-7559.000000000001,10071.999999999978,0.6787583528095043,4879.500000000049,0.8399
B-RAND-0,P75,WF_2021_2024,244,244,12805.75000000005,52.482581967213314,0.6319576008716182,0.8483606557377049,-7571.500000000001,10086.999999999978,0.8013978095777257,2543.250000000049,0.8013
B-RAND-0,P75,Y2021,244,244,12805.75000000005,52.482581967213314,0.6319576008716182,0.8483606557377049,-7571.500000000001,10086.999999999978,0.8013978095777257,2543.250000000049,0.8013
B-RAND-0,L2,WF_2021_2024,244,244,10422.000000000051,42.71311475409857,0.5146990106615437,0.8442622950819673,-7584.000000000001,10101.999999999978,0.9801381692573354,207.00000000005002,0.755
B-RAND-0,L2,Y2021,244,244,10422.000000000051,42.71311475409857,0.5146990106615437,0.8442622950819673,-7584.000000000001,10101.999999999978,0.9801381692573354,207.00000000005002,0.755
B-RAND-0,L3,WF_2021_2024,244,243,8355.410000000058,34.24348360655762,0.4126508853615157,0.8436213991769548,-7594.290000000002,10132.869999999977,1.2164035038376249,-1808.1399999999423,0.7109
B-RAND-0,L3,Y2021,244,243,8355.410000000058,34.24348360655762,0.4126508853615157,0.8436213991769548,-7594.290000000002,10132.869999999977,1.2164035038376249,-1808.1399999999423,0.7109
B-RAND-0,L2_1001,WF_2021_2024,244,244,12437.000000000047,50.97131147541003,0.6121559948899898,0.8483606557377049,-7614.000000000003,9931.999999999978,0.8175605049449216,2269.000000000019,0.7975
B-RAND-0,L2_1001,Y2021,244,244,12437.000000000047,50.97131147541003,0.6121559948899898,0.8483606557377049,-7614.000000000003,9931.999999999978,0.8175605049449216,2269.000000000019,0.7975
B-RAND-0,L3_1001,WF_2021_2024,244,244,10374.03000000006,42.51651639344287,0.5106214501515361,0.8483606557377049,-7624.290000000002,9962.869999999977,0.9751803301127883,257.4800000000332,0.7586
B-RAND-0,L3_1001,Y2021,244,244,10374.03000000006,42.51651639344287,0.5106214501515361,0.8483606557377049,-7624.290000000002,9962.869999999977,0.9751803301127883,257.4800000000332,0.7586
B-RAND-0,L2_1003,WF_2021_2024,244,244,14197.00000000005,58.1844262295084,0.7036312978307269,0.8483606557377049,-7694.000000000002,10388.000000000045,0.7321969430161276,3802.000000000049,0.8257
B-RAND-0,L2_1003,Y2021,244,244,14197.00000000005,58.1844262295084,0.7036312978307269,0.8483606557377049,-7694.000000000002,10388.000000000045,0.7321969430161276,3802.000000000049,0.8257
B-RAND-0,L3_1003,WF_2021_2024,244,244,12124.390000000056,49.6901229508199,0.6009238798237345,0.8483606557377049,-7704.290000000002,10418.870000000044,0.853119208471515,1780.840000000059,0.7904
B-RAND-0,L3_1003,Y2021,244,244,12124.390000000056,49.6901229508199,0.6009238798237345,0.8483606557377049,-7704.290000000002,10418.870000000044,0.853119208471515,1780.840000000059,0.7904
B-RAND-0,L2_1005,WF_2021_2024,244,244,13657.000000000047,55.97131147541003,0.676847608925937,0.8524590163934426,-7714.000000000003,10528.000000000045,0.7487003002123427,3432.000000000048,0.8185
B-RAND-0,L2_1005,Y2021,244,244,13657.000000000047,55.97131147541003,0.676847608925937,0.8524590163934426,-7714.000000000003,10528.000000000045,0.7487003002123427,3432.000000000048,0.8185
B-RAND-0,L3_1005,WF_2021_2024,244,244,11614.210000000057,47.599221311475645,0.5756106037500918,0.8524590163934426,-7724.290000000002,10558.870000000046,0.8759571249357424,1440.6600000000585,0.7828
B-RAND-0,L3_1005,Y2021,244,244,11614.210000000057,47.599221311475645,0.5756106037500918,0.8524590163934426,-7724.290000000002,10558.870000000046,0.8759571249357424,1440.6600000000585,0.7828
B-RAND-0,DOUBLE,WF_2021_2024,244,243,1506.4400000000624,6.1739344262297635,0.07447008878544235,0.8436213991769548,-7630.580000000002,10504.44000000003,6.662794402697474,-8530.659999999938,0.5471
B-RAND-0,DOUBLE,Y2021,244,243,1506.4400000000624,6.1739344262297635,0.07447008878544235,0.8436213991769548,-7630.580000000002,10504.44000000003,6.662794402697474,-8530.659999999938,0.5471
B-ROLLBEST,L1,WF_2021_2024,244,244,-30126.999999999884,-123.47131147540937,-1.3236776381143005,0.8073770491803278,-8969.000000000002,37074.5,,-39406.99999999988,0.085
B-ROLLBEST,L1,Y2021,244,244,-30126.999999999884,-123.47131147540937,-1.3236776381143005,0.8073770491803278,-8969.000000000002,37074.5,,-39406.99999999988,0.085
B-ROLLBEST,P75,WF_2021_2024,244,244,-31884.499999999884,-130.67418032786838,-1.3998879021321973,0.8032786885245902,-8986.500000000002,38703.25000000001,,-41111.99999999988,0.0731
B-ROLLBEST,P75,Y2021,244,244,-31884.499999999884,-130.67418032786838,-1.3998879021321973,0.8032786885245902,-8986.500000000002,38703.25000000001,,-41111.99999999988,0.0731
B-ROLLBEST,L2,WF_2021_2024,244,244,-33641.99999999988,-137.8770491803274,-1.4759397324767876,0.8032786885245902,-9004.000000000002,40332.00000000001,,-42816.99999999988,0.0618
B-ROLLBEST,L2,Y2021,244,244,-33641.99999999988,-137.8770491803274,-1.4759397324767876,0.8032786885245902,-9004.000000000002,40332.00000000001,,-42816.99999999988,0.0618
B-ROLLBEST,L3,WF_2021_2024,244,244,-35588.16999999989,-145.85315573770447,-1.5609537276197485,0.8032786885245902,-9014.290000000003,42118.31000000012,,-44711.71999999988,0.051
B-ROLLBEST,L3,Y2021,244,244,-35588.16999999989,-145.85315573770447,-1.5609537276197485,0.8032786885245902,-9014.290000000003,42118.31000000012,,-44711.71999999988,0.051
B-ROLLBEST,L2_1001,WF_2021_2024,244,244,-31866.999999999884,-130.60245901639297,-1.405835569998941,0.8073770491803278,-9044.000000000002,38282.00000000001,,-40921.99999999988,0.0723
B-ROLLBEST,L2_1001,Y2021,244,244,-31866.999999999884,-130.60245901639297,-1.405835569998941,0.8073770491803278,-9044.000000000002,38282.00000000001,,-40921.99999999988,0.0723
B-ROLLBEST,L3_1001,WF_2021_2024,244,244,-33793.34999999989,-138.4973360655733,-1.4904523098220843,0.8073770491803278,-9054.290000000003,40048.490000000136,,-42796.899999999885,0.0604
B-ROLLBEST,L3_1001,Y2021,244,244,-33793.34999999989,-138.4973360655733,-1.4904523098220843,0.8073770491803278,-9054.290000000003,40048.490000000136,,-42796.899999999885,0.0604
B-ROLLBEST,L2_1003,WF_2021_2024,244,244,-29941.999999999884,-122.71311475409789,-1.3171584943583607,0.8073770491803278,-9164.000000000002,37072.0,,-39606.99999999988,0.0852
B-ROLLBEST,L2_1003,Y2021,244,244,-29941.999999999884,-122.71311475409789,-1.3171584943583607,0.8073770491803278,-9164.000000000002,37072.0,,-39606.99999999988,0.0852
B-ROLLBEST,L3_1003,WF_2021_2024,244,244,-31873.07999999989,-130.62737704917987,-1.4017833915333908,0.8073770491803278,-9174.290000000003,38843.22000000014,,-41486.62999999988,0.0703
B-ROLLBEST,L3_1003,Y2021,244,244,-31873.07999999989,-130.62737704917987,-1.4017833915333908,0.8073770491803278,-9174.290000000003,38843.22000000014,,-41486.62999999988,0.0703
B-ROLLBEST,L2_1005,WF_2021_2024,244,244,-29951.999999999884,-122.75409836065526,-1.3166411542182752,0.8114754098360656,-9194.000000000002,36617.0,,-39416.99999999988,0.0831
B-ROLLBEST,L2_1005,Y2021,244,244,-29951.999999999884,-122.75409836065526,-1.3166411542182752,0.8114754098360656,-9194.000000000002,36617.0,,-39416.99999999988,0.0831
B-ROLLBEST,L3_1005,WF_2021_2024,244,244,-31903.16999999989,-130.75069672131102,-1.4021097985047224,0.8114754098360656,-9204.290000000003,38408.22000000014,,-41316.71999999988,0.0699
B-ROLLBEST,L3_1005,Y2021,244,244,-31903.16999999989,-130.75069672131102,-1.4021097985047224,0.8114754098360656,-9204.290000000003,38408.22000000014,,-41316.71999999988,0.0699
B-ROLLBEST,DOUBLE,WF_2021_2024,244,244,-41292.25999999987,-169.23057377049128,-1.8077923042388169,0.8032786885245902,-9060.580000000002,47387.0400000001,,-50254.35999999987,0.0283
B-ROLLBEST,DOUBLE,Y2021,244,244,-41292.25999999987,-169.23057377049128,-1.8077923042388169,0.8032786885245902,-9060.580000000002,47387.0400000001,,-50254.35999999987,0.0283
B-ROLLSHARPE,L1,WF_2021_2024,244,244,14566.50000000013,59.698770491803806,1.4936128906976822,0.9590163934426229,-6351.999999999967,10965.999999999996,0.5512648886142814,6536.500000000129,0.9358
B-ROLLSHARPE,L1,Y2021,244,244,14566.50000000013,59.698770491803806,1.4936128906976822,0.9590163934426229,-6351.999999999967,10965.999999999996,0.5512648886142814,6536.500000000129,0.9358
B-ROLLSHARPE,P75,WF_2021_2024,244,244,13660.25000000013,55.98463114754151,1.4004955394416458,0.9590163934426229,-6359.499999999967,11103.499999999996,0.5847257553851448,5672.750000000129,0.9234
B-ROLLSHARPE,P75,Y2021,244,244,13660.25000000013,55.98463114754151,1.4004955394416458,0.9590163934426229,-6359.499999999967,11103.499999999996,0.5847257553851448,5672.750000000129,0.9234
B-ROLLSHARPE,L2,WF_2021_2024,244,244,12754.00000000013,52.27049180327922,1.307370007669313,0.9590163934426229,-6366.999999999967,11240.999999999996,0.6229418221734295,4809.000000000129,0.9101
B-ROLLSHARPE,L2,Y2021,244,244,12754.00000000013,52.27049180327922,1.307370007669313,0.9590163934426229,-6366.999999999967,11240.999999999996,0.6229418221734295,4809.000000000129,0.9101
B-ROLLSHARPE,L3,WF_2021_2024,244,244,11372.100000000126,46.60696721311527,1.1657281945778537,0.9590163934426229,-6377.289999999967,11385.66,0.6941154228330663,3478.550000000125,0.8863
B-ROLLSHARPE,L3,Y2021,244,244,11372.100000000126,46.60696721311527,1.1657281945778537,0.9590163934426229,-6377.289999999967,11385.66,0.6941154228330663,3478.550000000125,0.8863
B-ROLLSHARPE,L2_1001,WF_2021_2024,244,244,12624.00000000013,51.737704918033316,1.299815965690893,0.9590163934426229,-6416.999999999967,11230.999999999996,0.6214353612167237,4779.000000000129,0.9114
B-ROLLSHARPE,L2_1001,Y2021,244,244,12624.00000000013,51.737704918033316,1.299815965690893,0.9590163934426229,-6416.999999999967,11230.999999999996,0.6214353612167237,4779.000000000129,0.9114
B-ROLLSHARPE,L3_1001,WF_2021_2024,244,244,11231.560000000129,46.0309836065579,1.1564667119647838,0.9590163934426229,-6427.289999999968,11375.66,0.6938973748971569,3438.0100000001266,0.8883
B-ROLLSHARPE,L3_1001,Y2021,244,244,11231.560000000129,46.0309836065579,1.1564667119647838,0.9590163934426229,-6427.289999999968,11375.66,0.6938973748971569,3438.0100000001266,0.8883
B-ROLLSHARPE,L2_1003,WF_2021_2024,244,244,14274.00000000013,58.500000000000526,1.4985973337699983,0.9590163934426229,-6016.999999999967,10230.999999999996,0.569917332212409,6139.000000000129,0.9416
B-ROLLSHARPE,L2_1003,Y2021,244,244,14274.00000000013,58.500000000000526,1.4985973337699983,0.9590163934426229,-6016.999999999967,10230.999999999996,0.569917332212409,6139.000000000129,0.9416
B-ROLLSHARPE,L3_1003,WF_2021_2024,244,244,12886.560000000127,52.8137704918038,1.3530450678006898,0.9590163934426229,-6027.289999999968,10370.660000000005,0.6272853267279958,4803.010000000126,0.9225
B-ROLLSHARPE,L3_1003,Y2021,244,244,12886.560000000127,52.8137704918038,1.3530450678006898,0.9590163934426229,-6027.289999999968,10370.660000000005,0.6272853267279958,4803.010000000126,0.9225
B-ROLLSHARPE,L2_1005,WF_2021_2024,244,244,14744.00000000013,60.42622950819725,1.5237507706848894,0.9590163934426229,-6196.999999999967,10040.999999999996,0.5646364622897401,6419.000000000129,0.9495
B-ROLLSHARPE,L2_1005,Y2021,244,244,14744.00000000013,60.42622950819725,1.5237507706848894,0.9590163934426229,-6196.999999999967,10040.999999999996,0.5646364622897401,6419.000000000129,0.9495
B-ROLLSHARPE,L3_1005,WF_2021_2024,244,244,13356.200000000128,54.73852459016446,1.3806921248578248,0.9590163934426229,-6207.289999999967,10180.660000000003,0.6194538865845016,5082.650000000124,0.9334
B-ROLLSHARPE,L3_1005,Y2021,244,244,13356.200000000128,54.73852459016446,1.3806921248578248,0.9590163934426229,-6207.289999999967,10180.660000000003,0.6194538865845016,5082.650000000124,0.9334
B-ROLLSHARPE,DOUBLE,WF_2021_2024,244,243,7973.620000000128,32.6787704918038,0.8170283514281326,0.9588477366255144,-6403.579999999968,11822.319999999996,0.9722183901414757,221.52000000012777,0.8115
B-ROLLSHARPE,DOUBLE,Y2021,244,243,7973.620000000128,32.6787704918038,0.8170283514281326,0.9588477366255144,-6403.579999999968,11822.319999999996,0.9722183901414757,221.52000000012777,0.8115
B-MOM,L1,WF_2021_2024,244,244,2119.000000000111,8.684426229508652,0.08803775326336073,0.7622950819672131,-8649.000000000002,23850.000000000065,4.476168003775132,-7365.999999999889,0.5463
B-MOM,L1,Y2021,244,244,2119.000000000111,8.684426229508652,0.08803775326336073,0.7622950819672131,-8649.000000000002,23850.000000000065,4.476168003775132,-7365.999999999889,0.5463
B-MOM,P75,WF_2021_2024,244,244,-165.99999999988722,-0.6803278688519968,-0.00689643474638087,0.7581967213114754,-8666.500000000002,24412.500000000065,,-9615.999999999889,0.5053
B-MOM,P75,Y2021,244,244,-165.99999999988722,-0.6803278688519968,-0.00689643474638087,0.7581967213114754,-8666.500000000002,24412.500000000065,,-9615.999999999889,0.5053
B-MOM,L2,WF_2021_2024,244,244,-2450.999999999889,-10.04508196721266,-0.1018144582113722,0.7581967213114754,-8684.000000000002,24975.000000000065,,-11865.999999999889,0.4625
B-MOM,L2,Y2021,244,244,-2450.999999999889,-10.04508196721266,-0.1018144582113722,0.7581967213114754,-8684.000000000002,24975.000000000065,,-11865.999999999889,0.4625
B-MOM,L3,WF_2021_2024,244,244,-4730.409999999885,-19.386926229507726,-0.1965031496425768,0.7581967213114754,-8694.290000000003,25573.62000000006,,-14093.959999999875,0.4148
B-MOM,L3,Y2021,244,244,-4730.409999999885,-19.386926229507726,-0.1965031496425768,0.7581967213114754,-8694.290000000003,25573.62000000006,,-14093.959999999875,0.4148
B-MOM,L2_1001,WF_2021_2024,244,244,-1330.999999999889,-5.454918032786431,-0.055324367091125974,0.7622950819672131,-8724.000000000002,24660.000000000065,,-10645.999999999889,0.4825
B-MOM,L2_1001,Y2021,244,244,-1330.999999999889,-5.454918032786431,-0.055324367091125974,0.7622950819672131,-8724.000000000002,24660.000000000065,,-10645.999999999889,0.4825
B-MOM,L3_1001,WF_2021_2024,244,244,-3595.49999999988,-14.735655737704427,-0.1494535656452825,0.7581967213114754,-8734.290000000003,25248.710000000065,,-12859.049999999883,0.44
B-MOM,L3_1001,Y2021,244,244,-3595.49999999988,-14.735655737704427,-0.1494535656452825,0.7581967213114754,-8734.290000000003,25248.710000000065,,-12859.049999999883,0.44
B-MOM,L2_1003,WF_2021_2024,244,244,1654.000000000111,6.778688524590619,0.06945787659929092,0.7622950819672131,-8824.000000000002,22936.000000000065,5.722490931075795,-7810.999999999889,0.5363
B-MOM,L2_1003,Y2021,244,244,1654.000000000111,6.778688524590619,0.06945787659929092,0.7622950819672131,-8824.000000000002,22936.000000000065,5.722490931075795,-7810.999999999889,0.5363
B-MOM,L3_1003,WF_2021_2024,244,244,-610.4999999998863,-2.5020491803274028,-0.025637576487171177,0.7622950819672131,-8834.290000000003,23576.450000000077,,-10024.04999999988,0.494
B-MOM,L3_1003,Y2021,244,244,-610.4999999998863,-2.5020491803274028,-0.025637576487171177,0.7622950819672131,-8834.290000000003,23576.450000000077,,-10024.04999999988,0.494
B-MOM,L2_1005,WF_2021_2024,244,244,1874.000000000111,7.680327868852914,0.07883666278739124,0.7622950819672131,-8854.000000000002,22681.000000000065,5.098719316968748,-7680.999999999888,0.5416
B-MOM,L2_1005,Y2021,244,244,1874.000000000111,7.680327868852914,0.07883666278739124,0.7622950819672131,-8854.000000000002,22681.000000000065,5.098719316968748,-7680.999999999888,0.5416
B-MOM,L3_1005,WF_2021_2024,244,244,-395.4099999998798,-1.6205327868847532,-0.016634653855533754,0.7622950819672131,-8864.290000000003,23326.450000000077,,-9898.95999999988,0.4977
B-MOM,L3_1005,Y2021,244,244,-395.4099999998798,-1.6205327868847532,-0.016634653855533754,0.7622950819672131,-8864.290000000003,23326.450000000077,,-9898.95999999988,0.4977
B-MOM,DOUBLE,WF_2021_2024,244,243,-11808.379999999877,-48.3949999999995,-0.49031398195674586,0.757201646090535,-8740.580000000002,27366.840000000004,,-21045.479999999876,0.2833
B-MOM,DOUBLE,Y2021,244,243,-11808.379999999877,-48.3949999999995,-0.49031398195674586,0.757201646090535,-8740.580000000002,27366.840000000004,,-21045.479999999876,0.2833
B-FIX-BESTTRAIN,L1,WF_2021_2024,244,244,14380.499999999998,58.936475409836056,2.8649892606115666,0.9795081967213115,-4614.500000000004,6154.000000000044,0.07857863078474324,13250.499999999998,0.9839
B-FIX-BESTTRAIN,L1,Y2021,244,244,14380.499999999998,58.936475409836056,2.8649892606115666,0.9795081967213115,-4614.500000000004,6154.000000000044,0.07857863078474324,13250.499999999998,0.9839
B-FIX-BESTTRAIN,P75,WF_2021_2024,244,244,13634.249999999998,55.878073770491795,2.716612654992356,0.9795081967213115,-4618.250000000004,6184.000000000044,0.08104589544712765,12529.249999999998,0.9796
B-FIX-BESTTRAIN,P75,Y2021,244,244,13634.249999999998,55.878073770491795,2.716612654992356,0.9795081967213115,-4618.250000000004,6184.000000000044,0.08104589544712765,12529.249999999998,0.9796
B-FIX-BESTTRAIN,L2,WF_2021_2024,244,244,12887.999999999998,52.819672131147534,2.568120258058221,0.9795081967213115,-4622.000000000004,6214.000000000044,0.08379888268156425,11807.999999999998,0.9731
B-FIX-BESTTRAIN,L2,Y2021,244,244,12887.999999999998,52.819672131147534,2.568120258058221,0.9795081967213115,-4622.000000000004,6214.000000000044,0.08379888268156425,11807.999999999998,0.9731
B-FIX-BESTTRAIN,L3,WF_2021_2024,244,244,11612.809999999996,47.59348360655736,2.31406619838962,0.9795081967213115,-4627.2000000000035,6250.490000000047,0.0907230894159123,10559.259999999997,0.9624
B-FIX-BESTTRAIN,L3,Y2021,244,244,11612.809999999996,47.59348360655736,2.31406619838962,0.9795081967213115,-4627.2000000000035,6250.490000000047,0.0907230894159123,10559.259999999997,0.9624
B-FIX-BESTTRAIN,L2_1001,WF_2021_2024,244,244,12972.999999999998,53.16803278688524,2.571726557070966,0.9795081967213115,-4642.000000000004,6194.000000000044,0.08594773760888,11857.999999999998,0.9729
B-FIX-BESTTRAIN,L2_1001,Y2021,244,244,12972.999999999998,53.16803278688524,2.571726557070966,0.9795081967213115,-4642.000000000004,6194.000000000044,0.08594773760888,11857.999999999998,0.9729
B-FIX-BESTTRAIN,L3_1001,WF_2021_2024,244,244,11697.269999999997,47.93963114754097,2.3188790979907217,0.9795081967213115,-4647.2000000000035,6230.490000000049,0.0930601755794301,10608.719999999996,0.9626
B-FIX-BESTTRAIN,L3_1001,Y2021,244,244,11697.269999999997,47.93963114754097,2.3188790979907217,0.9795081967213115,-4647.2000000000035,6230.490000000049,0.0930601755794301,10608.719999999996,0.9626
B-FIX-BESTTRAIN,L2_1003,WF_2021_2024,244,244,13292.999999999998,54.479508196721305,2.6228039676385144,0.9795081967213115,-4657.000000000004,6199.000000000044,0.08463100880162493,12167.999999999998,0.9782
B-FIX-BESTTRAIN,L2_1003,Y2021,244,244,13292.999999999998,54.479508196721305,2.6228039676385144,0.9795081967213115,-4657.000000000004,6199.000000000044,0.08463100880162493,12167.999999999998,0.9782
B-FIX-BESTTRAIN,L3_1003,WF_2021_2024,244,244,12017.269999999997,49.251106557377035,2.3711454755545742,0.9795081967213115,-4662.2000000000035,6235.580000000049,0.09141427295883345,10918.719999999996,0.9681
B-FIX-BESTTRAIN,L3_1003,Y2021,244,244,12017.269999999997,49.251106557377035,2.3711454755545742,0.9795081967213115,-4662.2000000000035,6235.580000000049,0.09141427295883345,10918.719999999996,0.9681
B-FIX-BESTTRAIN,L2_1005,WF_2021_2024,244,244,13422.999999999998,55.0122950819672,2.653821803936915,0.9795081967213115,-4642.000000000004,6144.000000000044,0.08604633837443196,12267.999999999998,0.9796
B-FIX-BESTTRAIN,L2_1005,Y2021,244,244,13422.999999999998,55.0122950819672,2.653821803936915,0.9795081967213115,-4642.000000000004,6144.000000000044,0.08604633837443196,12267.999999999998,0.9796
B-FIX-BESTTRAIN,L3_1005,WF_2021_2024,244,244,12146.819999999996,49.78204918032785,2.4015674718197766,0.9795081967213115,-4647.2000000000035,6180.580000000047,0.09290909060972341,11018.269999999995,0.9689
B-FIX-BESTTRAIN,L3_1005,Y2021,244,244,12146.819999999996,49.78204918032785,2.4015674718197766,0.9795081967213115,-4647.2000000000035,6180.580000000047,0.09290909060972341,11018.269999999995,0.9689
B-FIX-BESTTRAIN,DOUBLE,WF_2021_2024,244,243,8641.219999999998,35.41483606557376,1.7221772782107585,0.9794238683127572,-4640.900000000003,6353.980000000041,0.11278500026616617,7666.619999999998,0.9205
B-FIX-BESTTRAIN,DOUBLE,Y2021,244,243,8641.219999999998,35.41483606557376,1.7221772782107585,0.9794238683127572,-4640.900000000003,6353.980000000041,0.11278500026616617,7666.619999999998,0.9205
