seed,slice,total,sharpe
0,WF_2021_2024,-18750.49999999997,-0.18493977047931226
0,OOT_2025,8002.500000000116,0.23476983559843462
1,WF_2021_2024,-23686.499999999956,-0.2490409352864798
1,OOT_2025,-791.4999999998618,-0.020899491200089382
2,WF_2021_2024,-28712.499999999694,-0.28415984118008053
2,OOT_2025,-7226.999999999927,-0.2021730336479765
3,WF_2021_2024,-21647.499999999807,-0.2180762191678732
3,OOT_2025,8712.500000000171,0.2838310803213778
4,WF_2021_2024,-8668.000000000295,-0.08371393041166503
4,OOT_2025,770.0000000000255,0.022660755792576898
5,WF_2021_2024,-41382.000000000306,-0.4190274084463569
5,OOT_2025,3501.500000000022,0.11079955413284216
6,WF_2021_2024,24784.000000000146,0.270314282482264
6,OOT_2025,-11935.000000000047,-0.31333568148011864
7,WF_2021_2024,-19624.499999999764,-0.19909039380043997
7,OOT_2025,-5148.499999999905,-0.14894861939189133
8,WF_2021_2024,-40459.50000000004,-0.401683227147608
8,OOT_2025,-12453.499999999945,-0.348958172744049
9,WF_2021_2024,5848.00000000008,0.05992464270319509
9,OOT_2025,14647.000000000085,0.4900065935565879
10,WF_2021_2024,-40509.50000000031,-0.40849520323425875
10,OOT_2025,-7396.999999999705,-0.21476605665844967
11,WF_2021_2024,-54873.50000000002,-0.550122422361717
11,OOT_2025,-20232.000000000055,-0.5181730946497162
12,WF_2021_2024,-16983.500000000175,-0.17248749109103947
12,OOT_2025,-9372.999999999767,-0.2614239935344606
13,WF_2021_2024,-34088.5000000001,-0.3418268263880313
13,OOT_2025,11057.000000000051,0.3040522507149346
14,WF_2021_2024,1032.999999999578,0.010240841592293706
14,OOT_2025,-4126.499999999936,-0.125404297366906
15,WF_2021_2024,-12117.499999999927,-0.1260392410082055
15,OOT_2025,-6584.5000000002165,-0.20545271975785923
16,WF_2021_2024,-36295.500000000175,-0.3463590215575148
16,OOT_2025,3803.5000000000655,0.10976918528797981
17,WF_2021_2024,-27288.499999999887,-0.2650798072578633
17,OOT_2025,-13921.99999999989,-0.3994462190815474
18,WF_2021_2024,-11121.500000000124,-0.11088181586839749
18,OOT_2025,-2781.000000000051,-0.08229570124839239
19,WF_2021_2024,1068.5000000000819,0.010851868725625238
19,OOT_2025,12731.999999999995,0.42097391665872486
20,WF_2021_2024,-3809.000000000321,-0.04036217687967173
20,OOT_2025,-11049.499999999944,-0.323105648163771
21,WF_2021_2024,-506.4999999998545,-0.005451900827235252
21,OOT_2025,-1691.499999999991,-0.050246581601877865
22,WF_2021_2024,-51734.50000000016,-0.5390196953715235
22,OOT_2025,-433.4999999999782,-0.011757813865449575
23,WF_2021_2024,-18278.499999999876,-0.18887596963695322
23,OOT_2025,3619.0000000001855,0.11148505441562094
24,WF_2021_2024,-10148.000000000226,-0.09949739729017006
24,OOT_2025,14401.000000000084,0.4405163051183864
25,WF_2021_2024,-10301.999999999629,-0.10579658787602231
25,OOT_2025,-3523.0000000000036,-0.10158116999199016
26,WF_2021_2024,-36872.00000000025,-0.34818389331378946
26,OOT_2025,10184.000000000095,0.30462525960530323
27,WF_2021_2024,-5514.499999999825,-0.05460530933312503
27,OOT_2025,-11514.000000000116,-0.3054685965854062
28,WF_2021_2024,-19233.000000000007,-0.19604678703880712
28,OOT_2025,7490.499999999982,0.2197840485329406
29,WF_2021_2024,22898.50000000007,0.24523198363079218
29,OOT_2025,-14268.00000000004,-0.36621263273252574
30,WF_2021_2024,-20960.000000000186,-0.21076391095440472
30,OOT_2025,-6305.499999999949,-0.1832232110669435
31,WF_2021_2024,-9675.000000000164,-0.09555609773489285
31,OOT_2025,18353.500000000175,0.5185789279116891
32,WF_2021_2024,-10431.99999999984,-0.10882012243418636
32,OOT_2025,18213.999999999985,0.6269311645890856
33,WF_2021_2024,3342.0000000001237,0.03434603820119513
33,OOT_2025,14496.00000000003,0.5038226860643636
34,WF_2021_2024,-10136.499999999734,-0.10153370926725468
34,OOT_2025,-6889.4999999998545,-0.1917510581362222
35,WF_2021_2024,-956.9999999999545,-0.010231400211333851
35,OOT_2025,-11871.000000000124,-0.29689906620810685
36,WF_2021_2024,7876.999999999898,0.07935174486432671
36,OOT_2025,11066.000000000116,0.3127487398889892
37,WF_2021_2024,6729.999999999838,0.07217420077546778
37,OOT_2025,-11689.000000000044,-0.3060859143629726
38,WF_2021_2024,-20814.500000000135,-0.22338757826576422
38,OOT_2025,12458.000000000055,0.3596759135934372
39,WF_2021_2024,5722.5000000002,0.06303523318209141
39,OOT_2025,-16108.999999999844,-0.4263229258628317
40,WF_2021_2024,-1187.9999999997126,-0.012173718305171258
40,OOT_2025,-2592.499999999938,-0.07330800953840286
41,WF_2021_2024,-10830.499999999629,-0.11258871385800764
41,OOT_2025,3194.499999999902,0.09153092759938938
42,WF_2021_2024,7888.999999999813,0.07968266443711218
42,OOT_2025,76.49999999993088,0.0020343765098218077
43,WF_2021_2024,-39095.49999999983,-0.3700571578133019
43,OOT_2025,-2728.4999999999054,-0.0797253977396999
44,WF_2021_2024,-21003.000000000404,-0.21374284878742136
44,OOT_2025,-6797.999999999985,-0.18823668877137675
45,WF_2021_2024,-28580.999999999774,-0.2785835760838794
45,OOT_2025,6222.499999999825,0.19802714205142355
46,WF_2021_2024,1672.4999999997453,0.017292734514949826
46,OOT_2025,582.5000000001892,0.01716080132977228
47,WF_2021_2024,-281.5000000001128,-0.0027861452596541314
47,OOT_2025,-17913.000000000004,-0.48111375972070886
48,WF_2021_2024,4577.500000000213,0.0473747582788161
48,OOT_2025,5254.99999999988,0.15872127583373916
49,WF_2021_2024,-41809.99999999981,-0.4035545285757095
49,OOT_2025,-20239.49999999989,-0.5357479592981713
50,WF_2021_2024,-33426.99999999977,-0.3317612246152034
50,OOT_2025,-1393.9999999999345,-0.0364489356183509
51,WF_2021_2024,-19185.000000000073,-0.19252843264411157
51,OOT_2025,-6815.999999999996,-0.18067234696720336
52,WF_2021_2024,-4740.000000000157,-0.052515278744914476
52,OOT_2025,13558.500000000138,0.4075382060104657
53,WF_2021_2024,-25662.999999999833,-0.25380372286038216
53,OOT_2025,11225.499999999964,0.299748996269897
54,WF_2021_2024,-16916.000000000033,-0.17809314262615278
54,OOT_2025,10228.0,0.29955031024039097
55,WF_2021_2024,-52440.49999999993,-0.5134809110003276
55,OOT_2025,7829.9999999999345,0.222365997503498
56,WF_2021_2024,-6499.500000000004,-0.06724765484810658
56,OOT_2025,10788.500000000175,0.309324347052151
57,WF_2021_2024,376.0000000000655,0.003934623617153516
57,OOT_2025,5021.000000000102,0.15437013255652227
58,WF_2021_2024,-23199.999999999793,-0.22605106034698572
58,OOT_2025,743.50000000012,0.022011048094138057
59,WF_2021_2024,9162.0000000004,0.09951620360930595
59,OOT_2025,-10948.499999999958,-0.30652168332118235
60,WF_2021_2024,-41451.99999999991,-0.4258819369618569
60,OOT_2025,1730.4999999998363,0.04939520017638735
61,WF_2021_2024,-31180.500000000426,-0.29962029938441126
61,OOT_2025,25455.9999999999,0.8971142424586941
62,WF_2021_2024,-7884.000000000213,-0.08119566440050141
62,OOT_2025,-18487.50000000003,-0.5144326137960704
63,WF_2021_2024,-32237.49999999987,-0.33539850373581426
63,OOT_2025,-18329.9999999999,-0.5323448788988568
64,WF_2021_2024,1827.4999999999127,0.019128507378097577
64,OOT_2025,-14901.500000000187,-0.4339648009001313
65,WF_2021_2024,-40740.50000000003,-0.4086222121944786
65,OOT_2025,2027.0000000001583,0.05644829528093443
66,WF_2021_2024,10567.99999999989,0.11668690796988211
66,OOT_2025,-7891.999999999931,-0.21415055522137225
67,WF_2021_2024,-54738.9999999996,-0.5538640012739765
67,OOT_2025,-20387.999999999985,-0.5648954110738279
68,WF_2021_2024,-24136.499999999978,-0.25065584236704314
68,OOT_2025,18776.499999999964,0.570969950353902
69,WF_2021_2024,-47917.999999999854,-0.47587729534573797
69,OOT_2025,17605.000000000276,0.5692155172494405
70,WF_2021_2024,-24035.99999999983,-0.2547362139060149
70,OOT_2025,-6991.999999999982,-0.21821116110192576
71,WF_2021_2024,-60911.99999999992,-0.6080213034813335
71,OOT_2025,-9902.999999999949,-0.270761814273383
72,WF_2021_2024,-14134.000000000095,-0.14844879284500787
72,OOT_2025,9477.499999999789,0.29234860268688706
73,WF_2021_2024,-16440.00000000003,-0.16890209230890368
73,OOT_2025,28106.999999999975,0.8941249459334604
74,WF_2021_2024,-37267.000000000466,-0.3616241859398695
74,OOT_2025,24173.500000000175,0.7613167163477197
75,WF_2021_2024,-39847.99999999973,-0.3866882271604131
75,OOT_2025,14988.500000000156,0.45007565878925393
76,WF_2021_2024,-20850.99999999992,-0.21495923897007388
76,OOT_2025,974.5000000000509,0.029571595775073636
77,WF_2021_2024,50787.50000000023,0.5297556646474189
77,OOT_2025,-8601.999999999927,-0.22770986191144302
78,WF_2021_2024,-39766.00000000021,-0.3852082380568538
78,OOT_2025,3248.4999999998836,0.10136740904825532
79,WF_2021_2024,-17249.50000000008,-0.17534797060213883
79,OOT_2025,8429.500000000033,0.23762994877369456
80,WF_2021_2024,-20942.50000000003,-0.2137499120662382
80,OOT_2025,-9936.999999999873,-0.2578118069007502
81,WF_2021_2024,-9378.000000000047,-0.10078284958591095
81,OOT_2025,16356.500000000022,0.48703892996555687
82,WF_2021_2024,-17664.500000000062,-0.17867731632048364
82,OOT_2025,5371.000000000116,0.1677121837907446
83,WF_2021_2024,-16370.000000000085,-0.16391541762359485
83,OOT_2025,-10372.999999999785,-0.2653558971380594
84,WF_2021_2024,-37535.500000000175,-0.3565250906623279
84,OOT_2025,-5157.000000000053,-0.14789599254463795
85,WF_2021_2024,-2025.5000000002365,-0.02096586401124599
85,OOT_2025,17237.000000000196,0.5067677380883052
86,WF_2021_2024,-52471.000000000175,-0.5098473572491142
86,OOT_2025,-2733.499999999942,-0.07554836635286642
87,WF_2021_2024,-21744.00000000001,-0.22845453692834772
87,OOT_2025,-12961.500000000062,-0.36389848683424386
88,WF_2021_2024,-1956.99999999995,-0.019818141708161898
88,OOT_2025,-5968.499999999978,-0.16336720390217827
89,WF_2021_2024,-13137.49999999991,-0.1372262676691806
89,OOT_2025,28616.99999999994,0.8798585582938916
90,WF_2021_2024,-28796.99999999975,-0.2822154008291451
90,OOT_2025,-2129.5000000000946,-0.06247148180001063
91,WF_2021_2024,-24624.000000000033,-0.2482763640334303
91,OOT_2025,-15680.500000000004,-0.428086307881157
92,WF_2021_2024,-20782.00000000029,-0.20414454807573582
92,OOT_2025,17430.50000000009,0.5608175657272985
93,WF_2021_2024,-22359.50000000026,-0.23065667391780326
93,OOT_2025,-18752.49999999981,-0.5071970261336712
94,WF_2021_2024,19967.00000000011,0.21469357984361795
94,OOT_2025,5134.999999999953,0.14513803794795485
95,WF_2021_2024,17741.49999999974,0.18853127523653235
95,OOT_2025,1496.9999999998981,0.042915619984454416
96,WF_2021_2024,-32636.4999999998,-0.3412126884854837
96,OOT_2025,7687.499999999789,0.2345574390613641
97,WF_2021_2024,24872.99999999987,0.26950446994850413
97,OOT_2025,-21152.99999999995,-0.5627798154602791
98,WF_2021_2024,-11796.999999999993,-0.11820579306787532
98,OOT_2025,2108.500000000102,0.06629312273011576
99,WF_2021_2024,-12541.00000000004,-0.12478098284935087
99,OOT_2025,12215.499999999967,0.3577143341168878
