tag,rule,n_trades,total_pnl,mean_daily_pnl,sharpe_ann,max_dd,boot_p_stationary
PRIMARY,B0,0,0.0,0.0,,0.0,0.0
PRIMARY,R0,285,345.55,0.3826688815,0.2653385801,606.43,0.7292000000000001
PRIMARY,B2-EDGE,123,637.53,0.706013289,3.8444596159,59.34,1.0
PRIMARY,B2-TS,203,332.43,0.3681395349,0.3085820537,623.65,0.7558
PRIMARY,R1,367,-2132.38,-2.3614396456,-0.8494485900000001,2494.78,0.0391
PRIMARY,R2-A,285,345.55,0.3826688815,0.2653385801,606.43,0.7292000000000001
PRIMARY,R2-B,246,135.46,0.1500110742,0.10414248320000001,628.26,0.6123000000000001
PRIMARY,R3,449,-493.16,-0.5461351052,-0.23050777560000002,1149.12,0.3287
PRIMARY,R4-1.0,52,368.12,0.4076633444,3.5925873055,0.0,1.0
PRIMARY,R4-1.5,28,229.28,0.25390919160000003,2.6550029351999997,0.0,1.0
PRIMARY,R4-2.0,12,124.77,0.1381727575,1.786094048,0.0,0.9999
PRIMARY,R0-SNAP1000,281,-570.54,-0.6318272425,-0.3633135854,979.39,0.25170000000000003
MID@10:03,B0,0,0.0,0.0,,0.0,0.0
MID@10:03,R0,549,540.99,0.59910299,0.2962277417,656.04,0.7379
MID@10:03,B2-EDGE,231,844.51,0.9352270210000001,1.0896633921,357.34,0.9699000000000001
MID@10:03,B2-TS,412,1010.47,1.1190143965,0.7657722478000001,584.03,0.9374
MID@10:03,R1,552,-1578.2799999999,-1.7478183832,-0.585781905,1971.72,0.113
MID@10:03,R2-A,549,540.99,0.59910299,0.2962277417,656.04,0.7379
MID@10:03,R2-B,458,118.03,0.1307087486,0.0650758296,671.68,0.5721
MID@10:03,R3,674,317.5400000001,0.3516500554,0.1341382676,882.8,0.6268
MID@10:03,R4-1.0,63,373.13,0.4132115172,1.1055235181,162.94,0.9839
MID@10:03,R4-1.5,28,290.78,0.3220155039,2.7127800854,0.0,1.0
MID@10:03,R4-2.0,12,148.77,0.1647508306,1.8001106218,0.0,0.9999
STRESS@10:03,B0,0,0.0,0.0,,0.0,0.0
STRESS@10:03,R0,117,137.22,0.15196013290000002,0.1447821624,496.39,0.7108
STRESS@10:03,B2-EDGE,49,278.94,0.3089036545,3.5850052184,0.0,1.0
STRESS@10:03,B2-TS,80,-54.8,-0.0606866002,-0.057946156900000004,496.39,0.4358
STRESS@10:03,R1,206,-2471.39,-2.7368660022,-1.0502385133,2659.51,0.0112
STRESS@10:03,R2-A,117,137.22,0.15196013290000002,0.1447821624,496.39,0.7108
STRESS@10:03,R2-B,100,49.85,0.0552048726,0.052647716000000004,496.39,0.6302
STRESS@10:03,R3,259,-986.86,-1.0928682171,-0.5085893986,1247.16,0.1359
STRESS@10:03,R4-1.0,32,210.37,0.2329678848,2.8190427441,0.0,1.0
STRESS@10:03,R4-1.5,19,144.34,0.1598449612,2.1886161906,0.0,1.0
STRESS@10:03,R4-2.0,12,100.77,0.1115946844,1.7546756594000001,0.0,0.9999
DL@10:01,B0,0,0.0,0.0,,0.0,0.0
DL@10:01,R0,147,-847.03,-0.9380177187000001,-0.5938220327,1056.21,0.1163
DL@10:01,B2-EDGE,65,-23.15,-0.025636766300000002,-0.033896733000000005,357.84,0.47740000000000005
DL@10:01,B2-TS,105,-625.55,-0.6927464009000001,-0.49369962,972.0,0.1598
DL@10:01,R1,212,-2457.03,-2.7209634551,-1.0838723745,2632.16,0.0074
DL@10:01,R2-A,147,-847.03,-0.9380177187000001,-0.5938220327,1056.21,0.1163
DL@10:01,R2-B,127,-834.88,-0.9245625692,-0.5909043029000001,1000.52,0.106
DL@10:01,R3,263,-1267.52,-1.4036766334,-0.6732384733,1501.0,0.07970000000000001
DL@10:01,R4-1.0,26,-208.54,-0.2309413068,-0.30654695870000004,357.84,0.355
DL@10:01,R4-1.5,13,82.23,0.0910631229,1.7762434949,0.0,1.0
DL@10:01,R4-2.0,6,46.96,0.0520044297,1.2497915642,0.0,0.9951000000000001
DL@10:03,B0,0,0.0,0.0,,0.0,0.0
DL@10:03,R0,149,237.29,0.2627796235,0.245552976,494.39,0.7206
DL@10:03,B2-EDGE,68,411.13,0.4552934662,4.141230336,0.0,1.0
DL@10:03,B2-TS,103,82.23,0.0910631229,0.0871067652,494.39,0.678
DL@10:03,R1,209,-2227.76,-2.4670653378000003,-0.9682876934,2443.35,0.0199
DL@10:03,R2-A,149,237.29,0.2627796235,0.245552976,494.39,0.7206
DL@10:03,R2-B,126,221.46,0.24524916940000002,0.2341510128,494.39,0.7344
DL@10:03,R3,257,-920.53,-1.0194130676,-0.4794897965,1221.47,0.15280000000000002
DL@10:03,R4-1.0,33,246.48,0.2729568106,2.8351260922,0.0,1.0
DL@10:03,R4-1.5,18,159.03,0.1761129568,2.1355127797,0.0,1.0
DL@10:03,R4-2.0,10,101.7,0.1126245847,1.6162679793999999,0.0,0.9999
DL@10:05,B0,0,0.0,0.0,,0.0,0.0
DL@10:05,R0,159,-279.26,-0.30925802880000003,-0.2087078966,779.23,0.37470000000000003
DL@10:05,B2-EDGE,62,401.62,0.4447619048,3.8620478238000002,0.0,1.0
DL@10:05,B2-TS,117,186.27,0.20627906980000002,0.1969292635,494.39,0.7275
DL@10:05,R1,205,-2875.15,-3.1839977852,-1.1632057467,3125.99,0.0059
DL@10:05,R2-A,159,-279.26,-0.30925802880000003,-0.2087078966,779.23,0.37470000000000003
DL@10:05,R2-B,136,-408.94,-0.4528682171,-0.3059275785,825.41,0.2983
DL@10:05,R3,258,-1566.07,-1.7342967885,-0.729097179,1910.4,0.0632
DL@10:05,R4-1.0,33,280.93,0.3111074197,2.7900501478,0.0,1.0
DL@10:05,R4-1.5,23,234.23,0.2593909192,2.4145786158,0.0,1.0
DL@10:05,R4-2.0,19,196.64,0.2177630122,2.2211408415,0.0,1.0
