rule,vix_prev,days,trades,pnl,diff_vs_R0
R0,<15,268,31,105.16000000000284,0.0
R0,15-25,595,227,77.0700000000102,0.0
R0,>25,40,27,163.32000000000002,0.0
B2-EDGE,<15,268,14,15.390000000002821,-89.76999999999998
B2-EDGE,15-25,595,99,561.64,484.5699999999896
B2-EDGE,>25,40,10,60.500000000000014,-102.82
B2-TS,<15,268,26,145.46,40.29999999999718
B2-TS,15-25,595,169,138.24000000000865,61.16999999999838
B2-TS,>25,40,8,48.730000000000004,-114.59
R1,<15,268,77,-598.579999999991,-703.7399999999936
R1,15-25,595,269,-1571.9099999999676,-1648.9799999999777
R1,>25,40,21,38.1100000000008,-125.20999999999918
R2-A,<15,268,31,105.16000000000284,0.0
R2-A,15-25,595,227,77.0700000000102,0.0
R2-A,>25,40,27,163.32000000000002,0.0
R2-B,<15,268,24,63.84000000000282,-41.32
R2-B,15-25,595,201,-59.33999999998977,-136.41
R2-B,>25,40,21,130.96,-32.36
R3,<15,268,113,46.580000000014934,-58.57999999998785
R3,15-25,595,307,-661.1299999999687,-738.1999999999792
R3,>25,40,29,121.39000000000081,-41.9299999999992
R4-1.0,<15,268,7,47.17,-57.990000000002816
R4-1.0,15-25,595,43,310.03000000000003,232.95999999998958
R4-1.0,>25,40,2,10.920000000000002,-152.4
R4-1.5,<15,268,3,19.13,-86.03000000000281
R4-1.5,15-25,595,24,204.69,127.61999999998972
R4-1.5,>25,40,1,5.460000000000001,-157.86
R4-2.0,<15,268,1,8.76,-96.40000000000282
R4-2.0,15-25,595,11,116.00999999999999,38.939999999989766
R4-2.0,>25,40,0,0.0,-163.32000000000002
