product,tag,rule,n_days,n_trades,trade_rate,trades_per_month,total_pnl,mean_daily_pnl,sharpe_ann,sortino_ann,win_rate,avg_win,avg_loss,avg_credit,max_dd,max_dd_pct,dd_start,dd_end,worst_trade,best_trade,worst_week,worst_month,cvar95,cvar99,yearly,largest5_losses_over_total,largest5_losses,boot_p_stationary,boot_p_block,psr0,dsr,single_trade_share_of_maxdd,util_median,util_p95,util_max,margin_median,margin_p95,margin_max,contracts_mean
XSP,PRIMARY,B0,903,0,0.0,0.0,0.0,0.0,,,,,,,0.0,0.0,None,None,0.0,0.0,0.0,0.0,,,"{'2023': 0.0, '2024': 0.0, '2025': 0.0, '2026': 0.0}",,0.0,0.0,0.0,,,,,,,,,,
XSP,PRIMARY,R0,903,285,0.3156146179,6.6279069767,345.55,0.3826688815,0.2653385801,4.1485054751,0.9859649123,5.5016370107,-300.1025,0.06824561400000001,606.43,0.0242572,2025-11-20,2026-02-12,-494.39,16.76,-468.1,-408.91,-83.2971428571,-436.215,"{'2023': 245.81, '2024': -171.31, '2025': 73.6, '2026': 197.45}",3.4739111561,-1200.41,0.7292000000000001,0.7279,0.6686032828,0.006159335,0.8152466072000001,0.0198096,0.019855599999999998,0.0198616,500.0,500.0,500.0,1.0
XSP,PRIMARY,B2-EDGE,903,123,0.1362126246,2.8604651163,637.53,0.706013289,3.8444596159,90.3951173931,0.9918699187000001,5.7120491803,-59.34,0.0700813008,59.34,0.0023736,2024-03-08,2024-03-08,-59.34,12.61,-54.58,-54.58,-6.9066666667,-59.34,"{'2023': 137.37, '2024': 90.67, '2025': 251.96, '2026': 157.53}",0.0930779728,-59.34,1.0,1.0,0.9984734421,0.9434432664,1.0,0.0198096,0.019855599999999998,0.0198616,500.0,500.0,500.0,1.0
XSP,PRIMARY,B2-TS,903,203,0.2248062016,4.7209302326,332.43,0.3681395349,0.3085820537,4.8658495271,0.9901477833000001,5.4500497512,-381.515,0.0679310345,623.65,0.024946,2025-11-20,2026-02-12,-494.39,16.76,-473.71,-414.52,-73.6,-381.515,"{'2023': 133.76, '2024': 155.92, '2025': -66.03, '2026': 108.78}",2.2953102909,-763.03,0.7558,0.7562,0.6832549429,0.0111128428,0.7927363104,0.0198096,0.019855599999999998,0.0198616,500.0,500.0,500.0,1.0
XSP,PRIMARY,R1,903,367,0.40642303430000004,8.5348837209,-2132.38,-2.3614396456,-0.8494485900000001,-13.6409764754,0.9455040872,7.3673487032,-234.4425,0.0952043597,2494.78,0.0997912,2023-01-18,2026-03-26,-494.39,41.61,-621.71,-683.58,-259.7705555556,-485.6233333333,"{'2023': -1248.13, '2024': -507.49, '2025': -440.09, '2026': 63.33}",,-2342.55,0.0391,0.038,0.017026894100000002,0.0,0.1981697785,0.0197696,0.019855599999999998,0.0198616,500.0,500.0,600.0,1.0
XSP,PRIMARY,R2-A,903,285,0.3156146179,6.6279069767,345.55,0.3826688815,0.2653385801,4.1485054751,0.9859649123,5.5016370107,-300.1025,0.06824561400000001,606.43,0.0242572,2025-11-20,2026-02-12,-494.39,16.76,-468.1,-408.91,-83.2971428571,-436.215,"{'2023': 245.81, '2024': -171.31, '2025': 73.6, '2026': 197.45}",3.4739111561,-1200.41,0.7292000000000001,0.7279,0.6686032828,0.006159335,0.8152466072000001,0.0198096,0.019855599999999998,0.0198616,500.0,500.0,500.0,1.0
XSP,PRIMARY,R2-B,903,246,0.2724252492,5.7209302326,135.46,0.1500110742,0.10414248320000001,1.5529648622,0.9837398374,5.5201239669,-300.1025,0.0684552846,628.26,0.025130399999999997,2025-11-20,2026-02-12,-494.39,16.76,-472.56,-413.37,-97.7816666667,-436.215,"{'2023': 223.01, '2024': -283.61, '2025': 48.4, '2026': 147.66}",8.8617304001,-1200.41,0.6123000000000001,0.6114,0.5737755629,0.0013153757,0.7869194283000001,0.0198096,0.019855599999999998,0.0198616,500.0,500.0,500.0,1.0
XSP,PRIMARY,R3,903,449,0.4972314507,10.4418604651,-493.16,-0.5461351052,-0.23050777560000002,-3.8882498579,0.9554565702000001,7.3255011655,-181.79,0.0881069042,1149.12,0.0459648,2023-01-18,2024-04-30,-494.39,25.76,-467.56,-623.02,-165.1627272727,-451.6025,"{'2023': -545.84, '2024': -194.28, '2025': 70.55, '2026': 176.41}",,-2184.45,0.3287,0.3483,0.3186266855,1.81497e-05,0.4205304929,0.0197696,0.0198496,0.0198616,500.0,500.0,500.0,1.0
XSP,PRIMARY,R4-1.0,903,52,0.057585825,1.2093023256,368.12,0.4076633444,3.5925873055,,1.0,7.0792307692,,0.0842307692,0.0,0.0,None,None,3.46,16.76,0.0,0.0,3.535,3.46,"{'2023': 52.41, '2024': 89.28, '2025': 130.89, '2026': 95.54}",0.0,0.0,1.0,1.0,1.0,1.0,,0.0197526,0.019855599999999998,0.0198616,500.0,500.0,500.0,1.0
XSP,PRIMARY,R4-1.5,903,28,0.0310077519,0.6511627907,229.28,0.25390919160000003,2.6550029351999997,,1.0,8.1885714286,,0.0953571429,0.0,0.0,None,None,3.76,16.76,0.0,0.0,3.76,3.76,"{'2023': 42.89, '2024': 52.87, '2025': 67.49, '2026': 66.03}",0.0,0.0,1.0,1.0,1.0,0.9996140782,,0.019692599999999998,0.0198377,0.0198496,500.0,500.0,500.0,1.0
XSP,PRIMARY,R4-2.0,903,12,0.0132890365,0.2790697674,124.77,0.1381727575,1.786094048,,1.0,10.3975,,0.11750000000000001,0.0,0.0,None,None,5.76,16.76,0.0,0.0,,,"{'2023': 42.89, '2024': 8.76, '2025': 29.68, '2026': 43.44}",0.0,0.0,0.9999,1.0,1.0,0.49659592150000004,,0.0195756,0.0197289,0.0197696,500.0,500.0,500.0,1.0
XSP,PRIMARY,R0-SNAP1000,903,281,0.3111849391,6.5348837209,-570.54,-0.6318272425,-0.3633135854,-5.9316958676,0.9679715302,5.5357352941,-230.6955555556,0.0679715302,979.39,0.0391756,2023-08-24,2024-08-07,-494.39,15.46,-472.56,-562.93,-147.0257142857,-436.215,"{'2023': -229.72, '2024': -606.19, '2025': 86.6, '2026': 178.77}",,-1712.55,0.25170000000000003,0.2348,0.20913188870000002,8.187e-07,0.3859953645,0.0198096,0.019855599999999998,0.0198616,500.0,500.0,500.0,1.0
SPY,PRIMARY,B0,904,0,0.0,0.0,0.0,0.0,,,,,,,0.0,0.0,None,None,0.0,0.0,0.0,0.0,,,"{'2023': 0.0, '2024': 0.0, '2025': 0.0, '2026': 0.0}",,0.0,0.0,0.0,,,,,,,,,,
SPY,PRIMARY,R0,904,641,0.7090707965,14.8904867257,-2007.4,-2.2205752212,-1.0594862494,-16.8837917542,0.8564742590000001,3.6273224044,-43.4652173913,0.0792043682,2255.1,0.09020399999999999,2023-03-09,2026-06-09,-496.65,18.2,-468.6,-537.8,-123.546875,-336.0416666667,"{'2023': -411.15, '2024': -1080.75, '2025': -470.25, '2026': -45.25}",,-1771.05,0.0079,0.008400000000000001,0.0020103778,0.0,0.22023413600000002,0.01981,0.01989,0.01989,500.0,500.0,500.0,1.0
SPY,PRIMARY,B2-EDGE,904,276,0.3053097345,6.4115044248,-289.05,-0.3197455752,-0.324763124,-5.3175597752,0.8804347826000001,4.0318930041,-38.4484848485,0.08268115940000001,455.7,0.018227999999999998,2023-08-10,2025-07-31,-245.2,17.75,-241.5,-235.7,-96.3192307692,-229.85,"{'2023': -96.45, '2024': -125.05, '2025': -29.25, '2026': -38.3}",,-990.75,0.27040000000000003,0.2747,0.2411586813,2.4477000000000003e-06,0.5380732938,0.019804,0.019884,0.01989,500.0,500.0,500.0,1.0
SPY,PRIMARY,B2-TS,904,478,0.5287610619,11.1039823009,-1039.6,-1.15,-0.7236783468,-11.6324613896,0.8410041841,3.3764925373,-31.5388157895,0.0760669456,1301.7,0.052067999999999996,2023-08-24,2026-06-05,-496.65,18.2,-473.1,-432.4,-102.7847826087,-300.925,"{'2023': -131.7, '2024': -336.45, '2025': -491.95, '2026': -79.5}",,-1409.9,0.0523,0.0477,0.028614816300000002,0.0,0.3815395252,0.019844,0.01989,0.01989,500.0,500.0,500.0,1.0
SPY,PRIMARY,R1,904,590,0.6526548673,13.7057522124,-3577.9,-3.9578539823,-1.3675671785,-21.6259336864,0.8406779661,5.7306451613,-68.3010638298,0.1065932203,3855.6,0.154224,2023-01-18,2026-06-09,-496.65,57.05,-625.4,-536.55,-211.0224137931,-461.33,"{'2023': -1333.55, '2024': -1108.1, '2025': -983.25, '2026': -153.0}",,-2306.65,0.001,0.00030000000000000003,6.70203e-05,6.256725451e-19,0.1288126362,0.019764,0.01989,0.01989,500.0,500.0,600.0,1.0
SPY,PRIMARY,R2-A,904,641,0.7090707965,14.8904867257,-2007.4,-2.2205752212,-1.0594862494,-16.8837917542,0.8564742590000001,3.6273224044,-43.4652173913,0.0792043682,2255.1,0.09020399999999999,2023-03-09,2026-06-09,-496.65,18.2,-468.6,-537.8,-123.546875,-336.0416666667,"{'2023': -411.15, '2024': -1080.75, '2025': -470.25, '2026': -45.25}",,-1771.05,0.0079,0.008400000000000001,0.0020103778,0.0,0.22023413600000002,0.01981,0.01989,0.01989,500.0,500.0,500.0,1.0
SPY,PRIMARY,R2-B,904,523,0.5785398230000001,12.1493362832,-2151.85,-2.3803650442,-1.1484903743000001,-18.2478629333,0.8393881453,3.7482915718000003,-45.206547619,0.0789101338,2364.75,0.09459000000000001,2023-03-09,2026-06-09,-496.65,18.2,-481.2,-440.5,-143.9865384615,-354.21,"{'2023': -457.9, '2024': -1082.65, '2025': -507.4, '2026': -103.9}",,-1771.05,0.0036000000000000003,0.0033,0.0005365203000000001,3.1212375230000005e-17,0.2100222011,0.01981,0.01989,0.01989,500.0,500.0,500.0,1.0
SPY,PRIMARY,R3,904,732,0.8097345133,17.0044247788,-1990.95,-2.2023783186,-0.8761744073000001,-14.1322613705,0.8606557377,5.6526984127,-54.4328431373,0.1031830601,2341.1,0.09364399999999999,2023-01-18,2026-06-09,-496.65,46.35,-493.4,-519.1,-148.8555555556,-375.5142857143,"{'2023': -649.05, '2024': -890.95, '2025': -422.4, '2026': -28.55}",,-2064.05,0.025,0.025,0.0166239231,0.0,0.21214386400000002,0.019764,0.019884,0.01989,500.0,500.0,500.0,1.0
SPY,PRIMARY,R4-1.0,904,129,0.14269911500000002,2.9966814159,38.2,0.0422566372,0.060741274500000005,0.9375645776,0.9147286822,5.8860169492,-59.6681818182,0.1081395349,214.5,0.00858,2026-06-05,2026-06-05,-214.5,18.2,-214.5,-210.75,-108.2583333333,-214.5,"{'2023': 65.4, '2024': 92.3, '2025': -86.35, '2026': -33.15}",16.4371727749,-627.9,0.5703,0.5828,0.5444633566,0.0007500206,1.0,0.019724,0.019884,0.01989,500.0,500.0,500.0,1.0
SPY,PRIMARY,R4-1.5,904,70,0.0774336283,1.6261061947000002,99.85,0.1104535398,0.21303207600000001,3.4977182827,0.9,7.9238095238,-57.05,0.1328571429,240.45,0.009618,2025-02-21,2025-07-31,-175.2,18.2,-167.45,-148.3,-124.4,-175.2,"{'2023': 32.6, '2024': 97.65, '2025': -153.0, '2026': 122.6}",3.9894842263,-398.35,0.6921,0.6955,0.6407992826000001,0.0038518227,0.7286338116000001,0.019627,0.0198073,0.019884,500.0,500.0,500.0,1.0
SPY,PRIMARY,R4-2.0,904,45,0.0497787611,1.0453539823,320.6,0.35464601770000004,1.9832208888,50.6783169709,0.9111111111,9.6207317073,-18.4625,0.1555555556,53.6,0.002144,2024-05-22,2024-08-28,-48.35,18.2,-48.35,-33.0,-35.0,-48.35,"{'2023': 27.9, '2024': 42.6, '2025': 139.8, '2026': 110.3}",0.230349345,-73.85,0.999,0.9993000000000001,0.9969763960000001,0.606864262,0.9020522388000001,0.019483999999999998,0.019763199999999998,0.019804,500.0,500.0,500.0,1.0
SPY,PRIMARY,R0-SNAP1000,904,505,0.5586283186000001,11.7311946903,-1708.5,-1.8899336283000001,-1.0130524629,-16.1373465586,0.8356435644,3.2207345972,-36.9596385542,0.0717821782,1890.4,0.075616,2023-03-09,2026-06-09,-496.65,17.75,-474.45,-441.15,-120.622,-342.41,"{'2023': -469.25, '2024': -810.9, '2025': -375.95, '2026': -52.4}",,-1712.05,0.0081,0.008400000000000001,0.0017352475,3.261566091e-16,0.2627221752,0.019844,0.01989,0.01989,500.0,500.0,500.0,1.0
SPXW,PRIMARY,B0,904,0,0.0,0.0,0.0,0.0,,,,,,,0.0,0.0,None,None,0.0,0.0,0.0,0.0,,,"{'2023': 0.0, '2024': 0.0, '2025': 0.0, '2026': 0.0}",,0.0,0.0,0.0,,,,,,,,,,
SPXW,PRIMARY,R0,904,785,0.8683628319000001,18.235619469,-4034.5899999999,-4.4630420354,-1.0223393447,-16.2848992532,0.9732484076000001,6.6052879581,-432.43,0.0907643312,4406.9999999999,0.17628000000000002,2023-01-18,2026-06-05,-497.58,37.42,-489.6,-1322.77,-231.73,-497.4257142857,"{'2023': -546.3, '2024': -2426.17, '2025': -854.15, '2026': -207.97}",,-2487.18,0.016300000000000002,0.018000000000000002,0.0068357796,0.0,0.1129067393,0.0197032,0.0199032,0.0199032,500.0,500.0,500.0,1.0
SPXW,PRIMARY,B2-EDGE,904,326,0.360619469,7.5730088496,-953.14,-1.0543584071,-0.4066818969,-6.6872742415,0.9754601227,7.2646226415,-407.91125,0.0970858896,1418.71,0.0567484,2023-04-25,2025-02-21,-497.4,27.42,-484.8,-477.36,-202.745625,-494.0666666667,"{'2023': 12.36, '2024': -733.47, '2025': -13.92, '2026': -218.11}",,-2457.09,0.2265,0.22820000000000001,0.1844795896,6.27e-07,0.3506001931,0.019699599999999998,0.0199032,0.0199032,500.0,500.0,500.0,1.0
SPXW,PRIMARY,B2-TS,904,621,0.6869469027,14.4258849558,-1892.57,-2.093550885,-0.6029521211000001,-9.815526480599999,0.9790660225000001,6.2879605263,-439.6653846154,0.0876811594,2615.21,0.10460839999999999,2024-07-11,2026-06-05,-497.4,37.42,-489.6,-476.8,-182.9706451613,-495.7633333333,"{'2023': -179.41, '2024': -335.84, '2025': -1063.01, '2026': -314.31}",,-2482.18,0.10400000000000001,0.1207,0.08687503220000001,3.48e-08,0.1901950513,0.019896,0.0199032,0.0199032,500.0,500.0,500.0,1.0
SPXW,PRIMARY,R1,904,634,0.7013274336,14.7278761062,-5186.5200000001,-5.737300885,-1.1468840785,-18.3263766674,0.9511041009000001,11.9863349917,-400.4606451613,0.1570189274,5749.6300000001,0.2299852,2023-01-18,2026-06-05,-497.4,87.42,-787.54,-912.5,-400.4606451613,-495.7633333333,"{'2023': -1069.7300000001, '2024': -2212.41, '2025': -1206.03, '2026': -698.35}",,-2482.18,0.0064,0.0039000000000000003,0.0035002585,0.0,0.0865099146,0.019695999999999998,0.0199032,0.0199032,500.0,500.0,500.0,1.0
SPXW,PRIMARY,R2-A,904,785,0.8683628319000001,18.235619469,-4034.5899999999,-4.4630420354,-1.0223393447,-16.2848992532,0.9732484076000001,6.6052879581,-432.43,0.0907643312,4406.9999999999,0.17628000000000002,2023-01-18,2026-06-05,-497.58,37.42,-489.6,-1322.77,-231.73,-497.4257142857,"{'2023': -546.3, '2024': -2426.17, '2025': -854.15, '2026': -207.97}",,-2487.18,0.016300000000000002,0.018000000000000002,0.0068357796,0.0,0.1129067393,0.0197032,0.0199032,0.0199032,500.0,500.0,500.0,1.0
SPXW,PRIMARY,R2-B,904,616,0.6814159292,14.3097345133,-4511.9599999999,-4.9911061947,-1.1797568999,-18.6514223969,0.9691558442,6.7472194305,-449.4763157895,0.0923701299,4833.9099999999,0.19335639999999998,2023-01-18,2026-06-05,-497.4,37.42,-497.4,-927.32,-283.781,-497.4,"{'2023': -752.03, '2024': -2534.91, '2025': -922.03, '2026': -302.99}",,-2487.0,0.004200000000000001,0.0032,0.0013505321,0.0,0.10289806800000001,0.0197032,0.0199032,0.0199032,500.0,500.0,500.0,1.0
SPXW,PRIMARY,R3,904,803,0.8882743363000001,18.6537610619,-4508.7200000001,-4.9875221239,-0.9356647367,-15.1440690868,0.9564134496000001,12.2038020833,-396.6068571429,0.151618929,5555.4,0.222216,2023-11-09,2026-06-05,-497.58,87.42,-720.54,-1520.1299999999,-346.7285,-495.57,"{'2023': -737.1600000001, '2024': -2262.12, '2025': -1025.75, '2026': -483.69}",,-2487.18,0.026000000000000002,0.0216,0.0184418712,6e-10,0.0895669079,0.019695999999999998,0.0199032,0.0199032,500.0,500.0,500.0,1.0
SPXW,PRIMARY,R4-1.0,904,49,0.0542035398,1.1382743363,741.1,0.819800885,3.4118607028,,1.0,15.1244897959,,0.17653061220000002,0.0,0.0,None,None,2.42,37.42,0.0,0.0,4.92,2.42,"{'2023': 150.17, '2024': 267.22, '2025': 219.17, '2026': 104.54}",0.0,0.0,1.0,1.0,1.0,0.9999999999,,0.0194996,0.0197032,0.0199032,500.0,500.0,500.0,1.0
SPXW,PRIMARY,R4-1.5,904,22,0.0243362832,0.5110619469000001,368.96,0.4081415929,2.3194700556,,1.0,16.7709090909,,0.1931818182,0.0,0.0,None,None,7.42,37.42,0.0,0.0,7.42,7.42,"{'2023': 77.26, '2024': 149.92, '2025': 77.1, '2026': 64.68}",0.0,0.0,1.0,1.0,1.0,0.9813033719,,0.0193996,0.01968636,0.0197032,500.0,500.0,500.0,1.0
SPXW,PRIMARY,R4-2.0,904,11,0.0121681416,0.25553097350000004,236.8,0.2619469027,1.6887378099,,1.0,21.5272727273,,0.2409090909,0.0,0.0,None,None,12.51,37.42,0.0,0.0,,,"{'2023': 64.84, '2024': 79.86, '2025': 52.26, '2026': 39.84}",0.0,0.0,0.9999,0.9999,1.0,0.35120575130000004,,0.0191032,0.0194014,0.0194996,500.0,500.0,500.0,1.0
SPXW,PRIMARY,R0-SNAP1000,904,707,0.782079646,16.4236725664,-3871.1799999999,-4.2822787611,-1.0102993533,-16.1040488734,0.9717114569,6.8594614265,-429.1815,0.093281471,4203.69,0.16814759999999998,2023-01-18,2026-06-05,-497.58,37.42,-494.8,-857.15,-244.2094285714,-496.7371428571,"{'2023': -587.5, '2024': -1971.61, '2025': -1032.13, '2026': -279.94}",,-2487.18,0.0134,0.0123,0.007187816400000001,0.0,0.1183674343,0.0197032,0.0199032,0.0199032,500.0,500.0,500.0,1.0
