tag,rule,n_trades,total_pnl,mean_daily_pnl,sharpe_ann,max_dd,worst_trade,contracts_mean
risk0.005_S0,B0,0,0.0,0.0,,0.0,0.0,
risk0.005_S0,R0,1,4.46,0.0049390919,0.5282705438,0.0,4.46,1.0
risk0.005_S0,B2-EDGE,0,0.0,0.0,,0.0,0.0,
risk0.005_S0,B2-TS,1,4.46,0.0049390919,0.5282705438,0.0,4.46,1.0
risk0.005_S0,R1,55,-453.15,-0.5018272425,-0.9683382201,503.66,-96.39,1.0
risk0.005_S0,R2-A,1,4.46,0.0049390919,0.5282705438,0.0,4.46,1.0
risk0.005_S0,R2-B,1,4.46,0.0049390919,0.5282705438,0.0,4.46,1.0
risk0.005_S0,R3,69,-273.26,-0.3026135105,-0.6500803692,327.23,-96.54,1.0
risk0.005_S0,R4-1.0,0,0.0,0.0,,0.0,0.0,
risk0.005_S0,R4-1.5,0,0.0,0.0,,0.0,0.0,
risk0.005_S0,R4-2.0,0,0.0,0.0,,0.0,0.0,
risk0.005_S1,B0,0,0.0,0.0,,0.0,0.0,
risk0.005_S1,R0,0,0.0,0.0,,0.0,0.0,
risk0.005_S1,B2-EDGE,0,0.0,0.0,,0.0,0.0,
risk0.005_S1,B2-TS,0,0.0,0.0,,0.0,0.0,
risk0.005_S1,R1,0,0.0,0.0,,0.0,0.0,
risk0.005_S1,R2-A,0,0.0,0.0,,0.0,0.0,
risk0.005_S1,R2-B,0,0.0,0.0,,0.0,0.0,
risk0.005_S1,R3,0,0.0,0.0,,0.0,0.0,
risk0.005_S1,R4-1.0,0,0.0,0.0,,0.0,0.0,
risk0.005_S1,R4-1.5,0,0.0,0.0,,0.0,0.0,
risk0.005_S1,R4-2.0,0,0.0,0.0,,0.0,0.0,
risk0.005_S2,B0,0,0.0,0.0,,0.0,0.0,
risk0.005_S2,R0,0,0.0,0.0,,0.0,0.0,
risk0.005_S2,B2-EDGE,0,0.0,0.0,,0.0,0.0,
risk0.005_S2,B2-TS,0,0.0,0.0,,0.0,0.0,
risk0.005_S2,R1,0,0.0,0.0,,0.0,0.0,
risk0.005_S2,R2-A,0,0.0,0.0,,0.0,0.0,
risk0.005_S2,R2-B,0,0.0,0.0,,0.0,0.0,
risk0.005_S2,R3,0,0.0,0.0,,0.0,0.0,
risk0.005_S2,R4-1.0,0,0.0,0.0,,0.0,0.0,
risk0.005_S2,R4-1.5,0,0.0,0.0,,0.0,0.0,
risk0.005_S2,R4-2.0,0,0.0,0.0,,0.0,0.0,
risk0.01_S0,B0,0,0.0,0.0,,0.0,0.0,
risk0.01_S0,R0,44,193.74,0.214551495,3.2531269962,5.24,-5.24,1.0
risk0.01_S0,B2-EDGE,24,104.44,0.1156589147,2.5676016889,0.0,3.46,1.0
risk0.01_S0,B2-TS,34,147.79,0.1636655592,2.7953838212,5.24,-5.24,1.0
risk0.01_S0,R1,153,-1158.77,-1.2832447398,-0.9873128485,1232.58,-243.54,1.0
risk0.01_S0,R2-A,44,193.74,0.214551495,3.2531269962,5.24,-5.24,1.0
risk0.01_S0,R2-B,38,167.23,0.1851937984,2.9881652772000002,5.24,-5.24,1.0
risk0.01_S0,R3,199,-402.41,-0.44563676630000004,-0.4181826803,514.58,-195.39,1.0
risk0.01_S0,R4-1.0,12,64.12,0.0710077519,1.7431319512,0.0,3.46,1.0
risk0.01_S0,R4-1.5,5,32.6,0.0361018826,1.1237441944,0.0,4.46,1.0
risk0.01_S0,R4-2.0,3,17.53,0.0194130676,0.91207768,0.0,5.46,1.0
risk0.01_S1,B0,0,0.0,0.0,,0.0,0.0,
risk0.01_S1,R0,0,0.0,0.0,,0.0,0.0,
risk0.01_S1,B2-EDGE,0,0.0,0.0,,0.0,0.0,
risk0.01_S1,B2-TS,0,0.0,0.0,,0.0,0.0,
risk0.01_S1,R1,0,0.0,0.0,,0.0,0.0,
risk0.01_S1,R2-A,0,0.0,0.0,,0.0,0.0,
risk0.01_S1,R2-B,0,0.0,0.0,,0.0,0.0,
risk0.01_S1,R3,0,0.0,0.0,,0.0,0.0,
risk0.01_S1,R4-1.0,0,0.0,0.0,,0.0,0.0,
risk0.01_S1,R4-1.5,0,0.0,0.0,,0.0,0.0,
risk0.01_S1,R4-2.0,0,0.0,0.0,,0.0,0.0,
risk0.01_S2,B0,0,0.0,0.0,,0.0,0.0,
risk0.01_S2,R0,0,0.0,0.0,,0.0,0.0,
risk0.01_S2,B2-EDGE,0,0.0,0.0,,0.0,0.0,
risk0.01_S2,B2-TS,0,0.0,0.0,,0.0,0.0,
risk0.01_S2,R1,0,0.0,0.0,,0.0,0.0,
risk0.01_S2,R2-A,0,0.0,0.0,,0.0,0.0,
risk0.01_S2,R2-B,0,0.0,0.0,,0.0,0.0,
risk0.01_S2,R3,0,0.0,0.0,,0.0,0.0,
risk0.01_S2,R4-1.0,0,0.0,0.0,,0.0,0.0,
risk0.01_S2,R4-1.5,0,0.0,0.0,,0.0,0.0,
risk0.01_S2,R4-2.0,0,0.0,0.0,,0.0,0.0,
risk0.02_S1,B0,0,0.0,0.0,,0.0,0.0,
risk0.02_S1,R0,285,345.55,0.3826688815,0.2653385801,606.43,-494.39,1.0
risk0.02_S1,B2-EDGE,123,637.53,0.706013289,3.8444596159,59.34,-59.34,1.0
risk0.02_S1,B2-TS,203,332.43,0.3681395349,0.3085820537,623.65,-494.39,1.0
risk0.02_S1,R1,366,-2055.14,-2.2759025471,-0.8364910803000001,2417.54,-494.39,1.0
risk0.02_S1,R2-A,285,345.55,0.3826688815,0.2653385801,606.43,-494.39,1.0
risk0.02_S1,R2-B,246,135.46,0.1500110742,0.10414248320000001,628.26,-494.39,1.0
risk0.02_S1,R3,447,-522.68,-0.5788261351,-0.2443523391,1160.88,-494.39,1.0
risk0.02_S1,R4-1.0,52,368.12,0.4076633444,3.5925873055,0.0,3.46,1.0
risk0.02_S1,R4-1.5,28,229.28,0.25390919160000003,2.6550029351999997,0.0,3.76,1.0
risk0.02_S1,R4-2.0,12,124.77,0.1381727575,1.786094048,0.0,5.76,1.0
risk0.02_S2,B0,0,0.0,0.0,,0.0,0.0,
risk0.02_S2,R0,106,113.61,0.1258139535,0.1549924818,409.34,-378.04,1.0
risk0.02_S2,B2-EDGE,56,251.61,0.2786378738,1.7911579158,59.34,-59.34,1.0
risk0.02_S2,B2-TS,96,506.21,0.5605869324,5.0782339989,0.0,3.61,1.0
risk0.02_S2,R1,186,-1130.34,-1.2517607973,-0.6428738798,1504.8,-479.24,1.0
risk0.02_S2,R2-A,106,113.61,0.1258139535,0.1549924818,409.34,-378.04,1.0
risk0.02_S2,R2-B,95,51.7,0.057253599100000004,0.0706258377,423.86,-378.04,1.0
risk0.02_S2,R3,229,6.79,0.0075193798,0.0052005958,960.12,-424.14,1.0
risk0.02_S2,R4-1.0,33,218.53,0.2420044297,2.8669758422,0.0,3.61,1.0
risk0.02_S2,R4-1.5,18,135.73,0.1503100775,2.1291988498,0.0,3.76,1.0
risk0.02_S2,R4-2.0,8,78.18,0.0865780731,1.4680012436,0.0,5.76,1.0
nav10000_S0,B0,0,0.0,0.0,,0.0,0.0,
nav10000_S0,R0,44,193.74,0.214551495,3.2531269962,5.24,-5.24,1.0
nav10000_S0,B2-EDGE,24,104.44,0.1156589147,2.5676016889,0.0,3.46,1.0
nav10000_S0,B2-TS,34,147.79,0.1636655592,2.7953838212,5.24,-5.24,1.0
nav10000_S0,R1,153,-979.47,-1.0846843854000001,-0.9166321511000001,1053.28,-195.39,1.0
nav10000_S0,R2-A,44,193.74,0.214551495,3.2531269962,5.24,-5.24,1.0
nav10000_S0,R2-B,38,167.23,0.1851937984,2.9881652772000002,5.24,-5.24,1.0
nav10000_S0,R3,199,-408.56,-0.4524473976,-0.42468184130000003,515.58,-195.39,1.0
nav10000_S0,R4-1.0,12,64.12,0.0710077519,1.7431319512,0.0,3.46,1.0
nav10000_S0,R4-1.5,5,32.6,0.0361018826,1.1237441944,0.0,4.46,1.0
nav10000_S0,R4-2.0,3,17.53,0.0194130676,0.91207768,0.0,5.46,1.0
nav10000_S1,B0,0,0.0,0.0,,0.0,0.0,
nav10000_S1,R0,0,0.0,0.0,,0.0,0.0,
nav10000_S1,B2-EDGE,0,0.0,0.0,,0.0,0.0,
nav10000_S1,B2-TS,0,0.0,0.0,,0.0,0.0,
nav10000_S1,R1,0,0.0,0.0,,0.0,0.0,
nav10000_S1,R2-A,0,0.0,0.0,,0.0,0.0,
nav10000_S1,R2-B,0,0.0,0.0,,0.0,0.0,
nav10000_S1,R3,0,0.0,0.0,,0.0,0.0,
nav10000_S1,R4-1.0,0,0.0,0.0,,0.0,0.0,
nav10000_S1,R4-1.5,0,0.0,0.0,,0.0,0.0,
nav10000_S1,R4-2.0,0,0.0,0.0,,0.0,0.0,
nav50000_S0,B0,0,0.0,0.0,,0.0,0.0,
nav50000_S0,R0,457,742.07,0.8217829457,0.3494713008,989.24,-989.24,1.0
nav50000_S0,B2-EDGE,181,928.61,1.0283610188,2.4798620122,164.94,-164.94,1.0
nav50000_S0,B2-TS,346,606.21,0.6713289037,0.3063122669,998.36,-989.24,1.0
nav50000_S0,R1,498,-1953.0699999999,-2.1628682171,-0.6109183236,2609.7799999999,-989.24,1.0
nav50000_S0,R2-A,457,742.07,0.8217829457,0.3494713008,989.24,-989.24,1.0
nav50000_S0,R2-B,391,462.66,0.512358804,0.21894013010000002,1019.1,-989.24,1.0
nav50000_S0,R3,604,-40.0599999999,-0.044363233700000004,-0.0143017364,1123.54,-989.24,1.0
nav50000_S0,R4-1.0,80,487.0,0.5393133998,1.4072210372,164.94,-164.94,1.0
nav50000_S0,R4-1.5,45,414.85,0.4594130676,3.3477247349,0.0,3.76,1.0
nav50000_S0,R4-2.0,25,279.25,0.3092469546,2.5450691901,0.0,4.76,1.0
nav50000_S1,B0,0,0.0,0.0,,0.0,0.0,
nav50000_S1,R0,285,759.6,0.8411960133,0.2916577825,1208.36,-988.78,2.0
nav50000_S1,B2-EDGE,123,1305.16,1.4453599114,3.9123809777,118.18,-118.18,2.0
nav50000_S1,B2-TS,203,715.46,0.7923145072000001,0.3320261417,1242.8,-988.78,2.0
nav50000_S1,R1,366,-4024.3799999999,-4.4566777409,-0.8190642851000001,4761.3799999999,-988.78,2.0
nav50000_S1,R2-A,285,759.6,0.8411960133,0.2916577825,1208.36,-988.78,2.0
nav50000_S1,R2-B,246,329.72,0.36513842750000003,0.1267579836,1252.22,-988.78,2.0
nav50000_S1,R3,447,-938.1599999999,-1.0389368771,-0.21930851910000002,2264.3599999999,-988.78,2.0
nav50000_S1,R4-1.0,52,743.94,0.8238538206,3.6046982158,0.0,6.92,2.0
nav50000_S1,R4-1.5,28,461.96,0.5115836102,2.6605603096,0.0,8.02,2.0
nav50000_S1,R4-2.0,12,250.64,0.27756367660000003,1.7872295091,0.0,12.02,2.0
nav10000_S1_FRACTIONAL,B0,0,0.0,0.0,,0.0,0.0,
nav10000_S1_FRACTIONAL,R0,285,141.8778677482,0.1571183475,0.2697473772,244.7075332929,-200.0,0.4044716741
nav10000_S1_FRACTIONAL,B2-EDGE,123,258.5649309206,0.2863399014,3.8519132433000003,23.9158471707,-23.9158471707,0.404617824
nav10000_S1_FRACTIONAL,B2-TS,203,135.6547878673,0.1502267861,0.31150506110000004,251.7229653862,-200.0,0.4044500697
nav10000_S1_FRACTIONAL,R1,366,-910.8787543523,-1.0087250879,-0.8742757999,1058.3126720084,-200.0,0.4068384372
nav10000_S1_FRACTIONAL,R2-A,285,141.8778677482,0.1571183475,0.2697473772,244.7075332929,-200.0,0.4044716741
nav10000_S1_FRACTIONAL,R2-B,246,56.8212025516,0.0629249198,0.10816421400000001,253.5798528385,-200.0,0.40448908040000003
nav10000_S1_FRACTIONAL,R3,447,-212.0652738115,-0.2348452645,-0.24314046620000002,471.9785425791,-200.0,0.4061147687
nav10000_S1_FRACTIONAL,R4-1.0,52,149.7580481223,0.1658450145,3.5826021501,0.0,1.3936440166000001,0.4057599249
nav10000_S1_FRACTIONAL,R4-1.5,28,93.4580792676,0.10349731920000001,2.6489501678,0.0,1.5153957762,0.4066755771
nav10000_S1_FRACTIONAL,R4-2.0,12,51.0365091051,0.056518836200000006,1.7836005543,0.0,2.3308514082,0.4085060849
nav25000_S1_FRACTIONAL,B0,0,0.0,0.0,,0.0,0.0,
nav25000_S1,B0,0,0.0,0.0,,0.0,0.0,
nav25000_S1_FRACTIONAL,R0,285,389.2629519272,0.43107746610000003,0.2960561601,609.4972999987,-500.0,1.0111791851
nav25000_S1,R0,285,345.55,0.3826688815,0.2653385801,606.43,-494.39,1.0
nav25000_S1_FRACTIONAL,B2-EDGE,123,661.6031145231,0.7326723306,3.9196184643,59.5377236821,-59.5377236821,1.0115445599
nav25000_S1,B2-EDGE,123,637.53,0.706013289,3.8444596159,59.34,-59.34,1.0
nav25000_S1_FRACTIONAL,B2-TS,203,364.6688408021,0.40384146270000004,0.3349151638,627.0358802321,-500.0,1.0111251742
nav25000_S1,B2-TS,203,332.43,0.3681395349,0.3085820537,623.65,-494.39,1.0
nav25000_S1_FRACTIONAL,R1,366,-2233.7334321267,-2.4736804342,-0.8576389555,2608.4820180666,-500.0,1.017096093
nav25000_S1,R1,366,-2055.14,-2.2759025471,-0.8364910803000001,2417.54,-494.39,1.0
nav25000_S1_FRACTIONAL,R2-A,285,389.2629519272,0.43107746610000003,0.2960561601,609.4972999987,-500.0,1.0111791851
nav25000_S1,R2-A,285,345.55,0.3826688815,0.2653385801,606.43,-494.39,1.0
nav25000_S1_FRACTIONAL,R2-B,246,171.7237033448,0.1901702141,0.13076934540000001,631.7796753295,-500.0,1.011222701
nav25000_S1,R2-B,246,135.46,0.1500110742,0.10414248320000001,628.26,-494.39,1.0
nav25000_S1_FRACTIONAL,R3,447,-475.9065642325,-0.5270283103,-0.2182715033,1150.8386736263,-500.0,1.0152869218
nav25000_S1,R3,447,-522.68,-0.5788261351,-0.2443523391,1160.88,-494.39,1.0
nav25000_S1_FRACTIONAL,R4-1.0,52,378.2895958806,0.4189253553,3.5947591167,0.0,3.4841100415,1.0143998123
nav25000_S1,R4-1.0,52,368.12,0.4076633444,3.5925873055,0.0,3.46,1.0
nav25000_S1_FRACTIONAL,R4-1.5,28,235.3682716355,0.2606514636,2.654505029,0.0,4.0403836853,1.0166889427
nav25000_S1,R4-1.5,28,229.28,0.25390919160000003,2.6550029351999997,0.0,3.76,1.0
nav25000_S1_FRACTIONAL,R4-2.0,12,128.1518464768,0.14191788090000002,1.784721957,0.0,6.0800420848,1.0212652121
nav25000_S1,R4-2.0,12,124.77,0.1381727575,1.786094048,0.0,5.76,1.0
nav50000_S1_FRACTIONAL,B0,0,0.0,0.0,,0.0,0.0,
nav50000_S1_FRACTIONAL,R0,285,778.5259038544,0.8621549323000001,0.2960561601,1218.9945999974,-1000.0,2.0223583703
nav50000_S1_FRACTIONAL,B2-EDGE,123,1323.2062290463,1.4653446612,3.9196184643,119.0754473642,-119.0754473642,2.0230891198
nav50000_S1_FRACTIONAL,B2-TS,203,729.3376816043,0.8076829254000001,0.3349151638,1254.0717604642,-1000.0,2.0222503485
nav50000_S1_FRACTIONAL,R1,366,-4467.4668642533,-4.9473608685,-0.8576389555,5216.9640361332,-1000.0,2.034192186
nav50000_S1_FRACTIONAL,R2-A,285,778.5259038544,0.8621549323000001,0.2960561601,1218.9945999974,-1000.0,2.0223583703
nav50000_S1_FRACTIONAL,R2-B,246,343.4474066896,0.3803404282,0.13076934540000001,1263.559350659,-1000.0,2.022445402
nav50000_S1_FRACTIONAL,R3,447,-951.8131284649,-1.0540566207,-0.2182715033,2301.6773472525,-1000.0,2.0305738436
nav50000_S1_FRACTIONAL,R4-1.0,52,756.5791917611,0.8378507107000001,3.5947591167,0.0,6.968220083,2.0287996246
nav50000_S1_FRACTIONAL,R4-1.5,28,470.7365432709,0.5213029272,2.654505029,0.0,8.0807673706,2.0333778855
nav50000_S1_FRACTIONAL,R4-2.0,12,256.3036929535,0.2838357619,1.784721957,0.0,12.1600841696,2.0425304243
mincredit0.02,B0,0,0.0,0.0,,0.0,0.0,
mincredit0.02,R0,781,-1923.1899999999,-2.1297785161,-0.8149109598000001,2284.39,-499.24,1.0
mincredit0.02,B2-EDGE,317,195.37,0.2163565891,0.2186208605,361.84,-361.84,1.0
mincredit0.02,B2-TS,617,-1009.13,-1.117530454,-0.510617422,1387.79,-499.24,1.0
mincredit0.02,R1,672,-3565.6799999999,-3.9487043189,-1.1854967431,3883.7199999999,-499.24,1.0
mincredit0.02,R2-A,781,-1923.1899999999,-2.1297785161,-0.8149109598000001,2284.39,-499.24,1.0
mincredit0.02,R2-B,638,-2197.17,-2.4331893688,-0.9350248600000001,2511.1199999999,-499.24,1.0
mincredit0.02,R3,830,-2544.3999999999,-2.8177187154,-0.8903214701000001,2950.9599999999,-499.24,1.0
mincredit0.02,R4-1.0,66,232.91,0.2579291251,0.7026530238,165.94,-165.94,1.0
mincredit0.02,R4-1.5,28,229.28,0.25390919160000003,2.6550029351999997,0.0,3.76,1.0
mincredit0.02,R4-2.0,12,124.77,0.1381727575,1.786094048,0.0,5.76,1.0
mincredit0.1,B0,0,0.0,0.0,,0.0,0.0,
mincredit0.1,R0,31,324.11,0.35892580290000003,2.9236164262,0.0,1.9100000000000001,1.0
mincredit0.1,B2-EDGE,16,166.91,0.1848394241,2.1174808638,0.0,8.61,1.0
mincredit0.1,B2-TS,24,251.54,0.2785603544,2.5500108512,0.0,1.9100000000000001,1.0
mincredit0.1,R1,108,-1319.97,-1.4617607973,-0.6950428662,1553.75,-483.24,1.0
mincredit0.1,R2-A,31,324.11,0.35892580290000003,2.9236164262,0.0,1.9100000000000001,1.0
mincredit0.1,R2-B,28,293.98,0.325559247,2.7685440806,0.0,1.9100000000000001,1.0
mincredit0.1,R3,137,114.07,0.12632336660000001,0.0837909122,704.66,-483.24,1.0
mincredit0.1,R4-1.0,17,183.97,0.2037320044,2.1650916321,0.0,8.61,1.0
mincredit0.1,R4-1.5,13,142.38,0.1576744186,1.8873586741000001,0.0,8.61,1.0
mincredit0.1,R4-2.0,10,111.4,0.12336655590000001,1.6486640290999999,0.0,8.61,1.0
