root,expiry,expiration,right,strike,bid,ask,bid_size,ask_size,cboe_iv,cboe_delta,volume,open_interest,mid,T,iv,delta,gamma,vega,theta,strategy,target_delta,delta_distance_from_target,otm_pct,spread,spread_pct_mid,abs_delta,cboe_abs_delta,premium_mid_$,fee_L1_$,credit_L3_$,fee_L3_$,net_L1_$,net_L3_$,L3_haircut_pct_of_L1,regt_margin_$
SPXW,2026-09-30,2026-09-30,P,7665.0,0.25,0.35,677.0,645.0,0.2809,-0.0435,39398.0,1372.0,0.3,0.00027659069325735994,0.12308275051422027,-0.04614801745081121,0.00614363145512631,12.372748304868209,-2739.1507313542065,P05,0.05,-0.0038519825491887955,0.0034272092767366636,0.09999999999999998,0.33333333333333326,0.04614801745081121,0.0435,30.0,0.65,20.0,1.2,29.35,18.8,0.35945485519591147,112764.40849999996
SPXW,2026-09-30,2026-09-30,P,7675.0,0.7,0.75,7.0,417.0,0.2401,-0.106,71140.0,5093.0,0.725,0.00027659069325735994,0.10544858987008426,-0.11101114023261904,0.014032210156425305,24.210886234879332,-4581.973036250455,P10,0.1,0.011011140232619038,0.0021270490800983552,0.050000000000000044,0.06896551724137938,0.11101114023261904,0.106,72.5,0.65,64.99999999999999,1.2,71.85,63.79999999999998,0.1120389700765485,113806.90849999996
SPXW,2026-09-30,2026-09-30,P,7680.0,1.15,1.2,275.0,4.0,0.2225,-0.1738,97844.0,2220.0,1.1749999999999998,0.00027659069325735994,0.09643267704671077,-0.17641658410300043,0.021004551740171268,33.14221048175777,-5724.783144075661,P15,0.15,0.026416584103000434,0.0014769689817792013,0.050000000000000044,0.04255319148936175,0.17641658410300043,0.1738,117.49999999999999,0.65,109.99999999999999,1.2900000000000003,116.84999999999998,108.70999999999998,0.06966195977749257,114351.90849999996
SPXW,2026-09-30,2026-09-30,P,7680.0,1.15,1.2,275.0,4.0,0.2225,-0.1738,97844.0,2220.0,1.1749999999999998,0.00027659069325735994,0.09643267704671077,-0.17641658410300043,0.021004551740171268,33.14221048175777,-5724.783144075661,P20,0.2,-0.023583415896999582,0.0014769689817792013,0.050000000000000044,0.04255319148936175,0.17641658410300043,0.1738,117.49999999999999,0.65,109.99999999999999,1.2900000000000003,116.84999999999998,108.70999999999998,0.06966195977749257,114351.90849999996
SPXW,2026-09-30,2026-09-30,P,7685.0,2.1,2.2,146.0,221.0,0.2099,-0.2857,102194.0,844.0,2.1500000000000004,0.00027659069325735994,0.09180884883115059,-0.291306281871045,0.029209129952309804,43.87801709476078,-7195.206612064588,P25,0.25,0.041306281871045014,0.0008268888834600471,0.10000000000000009,0.04651162790697678,0.291306281871045,0.2857,215.00000000000003,0.65,205.00000000000003,1.2900000000000003,214.35000000000002,203.71000000000004,0.04963844180079302,114949.40849999998
SPXW,2026-09-30,2026-09-30,P,7685.0,2.1,2.2,146.0,221.0,0.2099,-0.2857,102194.0,844.0,2.1500000000000004,0.00027659069325735994,0.09180884883115059,-0.291306281871045,0.029209129952309804,43.87801709476078,-7195.206612064588,P30,0.3,-0.008693718128954975,0.0008268888834600471,0.10000000000000009,0.04651162790697678,0.291306281871045,0.2857,215.00000000000003,0.65,205.00000000000003,1.2900000000000003,214.35000000000002,203.71000000000004,0.04963844180079302,114949.40849999998
SPXW,2026-09-30,2026-09-30,P,7690.0,3.7,3.8,126.0,4.0,0.1986,-0.443,131668.0,938.0,3.75,0.00027659069325735994,0.08689545382320671,-0.44808349980777995,0.03558711215712464,50.5980328853691,-7814.231765775175,P40,0.4,0.04808349980777993,0.00017680878514089293,0.09999999999999964,0.02666666666666657,0.44808349980777995,0.443,375.0,0.65,360.0,1.2900000000000003,374.35,358.71,0.041779083745158374,115609.40849999998
SPXW,2026-09-30,2026-09-30,P,7690.0,3.7,3.8,126.0,4.0,0.1986,-0.443,131668.0,938.0,3.75,0.00027659069325735994,0.08689545382320671,-0.44808349980777995,0.03558711215712464,50.5980328853691,-7814.231765775175,P45,0.45,-0.0019165001922200608,0.00017680878514089293,0.09999999999999964,0.02666666666666657,0.44808349980777995,0.443,375.0,0.65,360.0,1.2900000000000003,374.35,358.71,0.041779083745158374,115609.40849999998
SPXW,2026-10-01,2026-10-01,P,7585.0,1.3,1.35,77.0,88.0,0.16,-0.0496,1468.0,278.0,1.3250000000000002,0.004244844661511329,0.1306529988934606,-0.04851163150269244,0.0015377134376212116,50.4501964287638,-761.8803129259607,P05,0.05,-0.00148836849730756,0.01382849084984313,0.050000000000000044,0.0377358490566038,0.04851163150269244,0.0496,132.50000000000003,0.65,125.0,1.2900000000000003,131.85000000000002,123.71,0.061736822146378656,104866.90849999998
SPXW,2026-10-01,2026-10-01,P,7615.0,3.0,3.2,114.0,86.0,0.1516,-0.1055,1432.0,314.0,3.1,0.004244844661511329,0.12408528563070167,-0.10408975882461036,0.002905932492056358,90.54696021882751,-1292.250984693617,P10,0.1,0.004089758824610351,0.009928010259928205,0.20000000000000018,0.06451612903225812,0.10408975882461036,0.1055,310.0,0.65,290.0,1.2900000000000003,309.35,288.71,0.06672054307418795,108044.40849999996
SPXW,2026-10-01,2026-10-01,P,7630.0,4.7,4.8,76.0,41.0,0.1484,-0.1519,2330.0,278.0,4.75,0.004244844661511329,0.12153762606680477,-0.15003415958087252,0.003828890244926678,116.8561936860656,-1627.9445126566366,P15,0.15,3.415958087252258e-05,0.007977769964970743,0.09999999999999964,0.021052631578947295,0.15003415958087252,0.1519,475.0,0.65,460.00000000000006,1.2900000000000003,474.35,458.71000000000004,0.032971434594708526,109709.40849999998
SPXW,2026-10-01,2026-10-01,P,7640.0,6.2,6.4,74.0,96.0,0.1464,-0.191,2515.0,604.0,6.300000000000001,0.004244844661511329,0.12026003129698978,-0.18941615747112095,0.004494453070645093,135.72699438931528,-1865.8592304099147,P20,0.2,-0.010583842528879062,0.006677609768332434,0.20000000000000018,0.03174603174603177,0.18941615747112095,0.191,630.0000000000001,0.65,610.0,1.2900000000000003,629.3500000000001,608.71,0.03279574163819832,110864.40849999996
SPXW,2026-10-01,2026-10-01,P,7655.0,9.2,9.4,67.0,79.0,0.1432,-0.2626,1364.0,231.0,9.3,0.004244844661511329,0.11768007979086992,-0.2599980182841479,0.005500416541695805,162.54237568955062,-2175.135263543649,P25,0.25,0.009998018284147925,0.004727369473374972,0.20000000000000107,0.021505376344086134,0.2599980182841479,0.2626,930.0000000000001,0.65,910.0,1.2900000000000003,929.3500000000001,908.71,0.022209070855974677,112664.40849999996
SPXW,2026-10-01,2026-10-01,P,7660.0,10.5,10.7,38.0,70.0,0.1425,-0.2898,2671.0,1020.0,10.6,0.004244844661511329,0.11719542150107007,-0.2875809491618755,0.005805701838266631,170.85726214037985,-2272.3565611491167,P30,0.3,-0.012419050838124501,0.0040772893750558176,0.1999999999999993,0.01886792452830182,0.2875809491618755,0.2898,1060.0,0.65,1040.0,1.2900000000000003,1059.35,1038.71,0.019483645631755198,113294.40849999996
SPXW,2026-10-01,2026-10-01,P,7680.0,16.9,17.1,7.0,54.0,0.1376,-0.4143,2081.0,470.0,17.0,0.004244844661511329,0.1139289094420722,-0.4109796503351014,0.006813127288080521,194.91645871523605,-2492.41029250577,P40,0.4,0.010979650335101399,0.0014769689817792013,0.20000000000000284,0.011764705882353108,0.4109796503351014,0.4143,1700.0,0.65,1679.9999999999998,1.2900000000000003,1699.35,1678.7099999999998,0.012145820460764511,115934.40849999998
SPXW,2026-10-01,2026-10-01,P,7685.0,18.8,19.0,51.0,7.0,0.1366,-0.4487,2350.0,381.0,18.9,0.004244844661511329,0.11264168191720078,-0.4447920684369231,0.006999896718046228,197.9970994157278,-2493.5665143404303,P45,0.45,-0.005207931563076917,0.0008268888834600471,0.1999999999999993,0.010582010582010545,0.4447920684369231,0.4487,1889.9999999999998,0.65,1870.0,1.2900000000000003,1889.3499999999997,1868.71,0.010924391986661841,116624.40849999998
XSP,2026-09-30,2026-09-30,P,767.0,0.03,0.05,1087.0,743.0,0.2596,-0.0639,10240.0,576.0,0.04,0.0002793040293040293,0.1119648734090371,-0.06381521066539075,0.08684464072074644,1.606785795682316,-320.1508145932613,P05,0.05,0.01381521066539075,0.002834187056345654,0.020000000000000004,0.5000000000000001,0.06381521066539075,0.0639,4.0,0.25,1.9999999999999998,0.37,3.75,1.63,0.5653333333333334,11323.700000000004
XSP,2026-09-30,2026-09-30,P,767.0,0.03,0.05,1087.0,743.0,0.2596,-0.0639,10240.0,576.0,0.04,0.0002793040293040293,0.1119648734090371,-0.06381521066539075,0.08684464072074644,1.606785795682316,-320.1508145932613,P10,0.1,-0.03618478933460925,0.002834187056345654,0.020000000000000004,0.5000000000000001,0.06381521066539075,0.0639,4.0,0.25,1.9999999999999998,0.37,3.75,1.63,0.5653333333333334,11323.700000000004
XSP,2026-09-30,2026-09-30,P,768.0,0.1,0.12,531.0,529.0,0.2225,-0.1673,8347.0,269.0,0.11,0.0002793040293040293,0.09598688405581227,-0.1673694584187584,0.20303971683096636,3.220520443986496,-548.3900269595686,P15,0.15,0.017369458418758393,0.0015341012506824802,0.01999999999999999,0.18181818181818174,0.1673694584187584,0.1673,11.0,0.65,9.000000000000002,0.6200000000000001,10.35,8.380000000000003,0.19033816425120742,11430.700000000003
XSP,2026-09-30,2026-09-30,P,768.0,0.1,0.12,531.0,529.0,0.2225,-0.1673,8347.0,269.0,0.11,0.0002793040293040293,0.09598688405581227,-0.1673694584187584,0.20303971683096636,3.220520443986496,-548.3900269595686,P20,0.2,-0.03263054158124162,0.0015341012506824802,0.01999999999999999,0.18181818181818174,0.1673694584187584,0.1673,11.0,0.65,9.000000000000002,0.6200000000000001,10.35,8.380000000000003,0.19033816425120742,11430.700000000003
XSP,2026-09-30,2026-09-30,P,768.0,0.1,0.12,531.0,529.0,0.2225,-0.1673,8347.0,269.0,0.11,0.0002793040293040293,0.09598688405581227,-0.1673694584187584,0.20303971683096636,3.220520443986496,-548.3900269595686,P25,0.25,-0.08263054158124161,0.0015341012506824802,0.01999999999999999,0.18181818181818174,0.1673694584187584,0.1673,11.0,0.65,9.000000000000002,0.6200000000000001,10.35,8.380000000000003,0.19033816425120742,11430.700000000003
XSP,2026-09-30,2026-09-30,P,769.0,0.35,0.36,1.0,10.0,0.2005,-0.4309,8683.0,255.0,0.355,0.0002793040293040293,0.08635585833122916,-0.4323483912152214,0.354198460067556,5.054423659600986,-768.4522723654054,P30,0.3,0.1323483912152214,0.00023401544501930625,0.010000000000000009,0.028169014084507067,0.4323483912152214,0.4309,35.5,0.65,34.0,0.77,34.85,33.23,0.0464849354375898,11555.200000000004
XSP,2026-09-30,2026-09-30,P,769.0,0.35,0.36,1.0,10.0,0.2005,-0.4309,8683.0,255.0,0.355,0.0002793040293040293,0.08635585833122916,-0.4323483912152214,0.354198460067556,5.054423659600986,-768.4522723654054,P40,0.4,0.03234839121522137,0.00023401544501930625,0.010000000000000009,0.028169014084507067,0.4323483912152214,0.4309,35.5,0.65,34.0,0.77,34.85,33.23,0.0464849354375898,11555.200000000004
XSP,2026-09-30,2026-09-30,P,769.0,0.35,0.36,1.0,10.0,0.2005,-0.4309,8683.0,255.0,0.355,0.0002793040293040293,0.08635585833122916,-0.4323483912152214,0.354198460067556,5.054423659600986,-768.4522723654054,P45,0.45,-0.017651608784778616,0.00023401544501930625,0.010000000000000009,0.028169014084507067,0.4323483912152214,0.4309,35.5,0.65,34.0,0.77,34.85,33.23,0.0464849354375898,11555.200000000004
XSP,2026-10-01,2026-10-01,P,759.0,0.14,0.15,526.0,108.0,0.1583,-0.0555,331.0,74.0,0.14500000000000002,0.004247557997557997,0.1284910813044875,-0.05317096789520781,0.01681402715311617,5.429252156570456,-80.52653572105369,P05,0.05,0.0031709678952078074,0.013234873501651045,0.009999999999999981,0.06896551724137917,0.05317096789520781,0.0555,14.500000000000002,0.65,13.0,0.77,13.850000000000001,12.23,0.11696750902527087,10534.200000000003
XSP,2026-10-01,2026-10-01,P,761.0,0.25,0.27,991.0,126.0,0.1532,-0.0921,415.0,80.0,0.26,0.004247557997557997,0.12443319659941232,-0.08967615861801481,0.025963512377928176,8.118858759273587,-116.23552532986069,P10,0.1,-0.010323841381985194,0.010634701890324698,0.020000000000000018,0.07692307692307698,0.08967615861801481,0.0921,26.0,0.65,24.0,0.77,25.35,23.23,0.08362919132149904,10745.700000000004
XSP,2026-10-01,2026-10-01,P,763.0,0.45,0.47,99.0,41.0,0.1496,-0.15,180.0,102.0,0.45999999999999996,0.004247557997557997,0.12077055252975596,-0.14691170621851257,0.03797964955176886,11.52676105460167,-159.4675323070465,P15,0.15,-0.0030882937814874223,0.008034530278998349,0.019999999999999962,0.04347826086956514,0.14691170621851257,0.15,46.0,0.65,44.0,0.77,45.35,43.23,0.04674751929437715,10965.700000000003
XSP,2026-10-01,2026-10-01,P,764.0,0.6,0.62,234.0,33.0,0.1468,-0.1884,188.0,61.0,0.61,0.004247557997557997,0.11935245408215514,-0.185722165743736,0.044721669511958224,13.413578195075766,-182.8881806503788,P20,0.2,-0.014277834256264,0.006734444473335176,0.020000000000000018,0.03278688524590167,0.185722165743736,0.1884,61.0,0.65,59.0,0.77,60.35,58.23,0.035128417564208814,11080.700000000003
XSP,2026-10-01,2026-10-01,P,765.0,0.79,0.81,10.0,10.0,0.145,-0.2337,305.0,151.0,0.8,0.004247557997557997,0.1179463380675799,-0.23142258923158987,0.051532879270339255,15.274399810286258,-205.13237400369763,P25,0.25,-0.01857741076841013,0.005434358667672001,0.020000000000000018,0.025000000000000022,0.23142258923158987,0.2337,80.0,0.65,78.0,0.77,79.35,77.23,0.026717076244486382,11199.700000000003
XSP,2026-10-01,2026-10-01,P,766.0,1.02,1.04,10.0,10.0,0.1434,-0.2858,297.0,159.0,1.03,0.004247557997557997,0.11613560062605277,-0.28335410552329465,0.058153339421400274,16.972089505584677,-223.52674169567518,P30,0.3,-0.016645894476705336,0.004134272862008828,0.020000000000000018,0.019417475728155355,0.28335410552329465,0.2858,103.0,0.65,101.0,0.77,102.35,100.23,0.020713238886174823,11322.700000000003
XSP,2026-10-01,2026-10-01,P,768.0,1.65,1.67,10.0,10.0,0.139,-0.4092,351.0,163.0,1.66,0.004247557997557997,0.112764758732196,-0.4071035058516188,0.06865099655184154,19.45429625656733,-246.02359744714875,P40,0.4,0.0071035058516187854,0.0015341012506824802,0.020000000000000018,0.012048192771084348,0.4071035058516188,0.4092,166.0,0.65,164.0,0.77,165.35,163.23,0.012821288176595114,11585.700000000003
XSP,2026-10-01,2026-10-01,P,769.0,2.06,2.08,10.0,10.0,0.1367,-0.4785,524.0,88.0,2.0700000000000003,0.004247557997557997,0.11102762085397888,-0.4765805099154584,0.07155371819385509,19.964503957807256,-246.6242626651228,P45,0.45,0.026580509915458406,0.00023401544501930625,0.020000000000000018,0.009661835748792277,0.4765805099154584,0.4785,207.00000000000003,0.65,205.00000000000003,0.77,206.35000000000002,204.23000000000002,0.010273806639205296,11726.700000000003
SPY,2026-09-30,2026-09-30,P,762.0,0.04,0.05,9799.0,7854.0,0.3116,-0.0443,164223.0,7212.0,0.045,0.0002767602767602768,0.19562355678170376,-0.04400888076738507,0.03733561105173869,1.1867697674592415,-418.1144572607967,P05,0.05,-0.00599111923261493,0.005520535609412341,0.010000000000000002,0.22222222222222227,0.04400888076738507,0.0443,4.5,0.25,3.0,0.8,4.25,2.2,0.48235294117647054,11074.949999999999
SPY,2026-09-30,2026-09-30,P,763.0,0.07,0.08,4196.0,4062.0,0.2808,-0.0757,208716.0,7641.0,0.07500000000000001,0.0002767602767602768,0.17653163598780588,-0.0744334208178945,0.06254317012339485,1.7940084998404966,-569.9386686542574,P10,0.1,-0.025566579182105503,0.004215444448794772,0.009999999999999995,0.13333333333333325,0.0744334208178945,0.0757,7.500000000000001,0.5,6.000000000000001,1.05,7.000000000000001,4.950000000000001,0.2928571428571428,11177.949999999999
SPY,2026-09-30,2026-09-30,P,764.0,0.14,0.15,2515.0,2519.0,0.257,-0.1392,261935.0,9607.0,0.14500000000000002,0.0002767602767602768,0.1617822698230121,-0.13824155633576218,0.10700435792866587,2.812901013583693,-818.0355524124963,P15,0.15,-0.011758443664237811,0.0029103532881772027,0.009999999999999981,0.06896551724137917,0.13824155633576218,0.1392,14.500000000000002,0.65,13.0,1.2,13.850000000000001,11.8,0.148014440433213,11284.949999999997
SPY,2026-09-30,2026-09-30,P,765.0,0.3,0.31,969.0,863.0,0.2406,-0.2619,345497.0,13187.0,0.305,0.0002767602767602768,0.15174956280385624,-0.2604709150180785,0.1678420544305417,4.138569903105305,-1126.8476053189138,P20,0.2,0.0604709150180785,0.0016052621275596337,0.010000000000000009,0.03278688524590167,0.2604709150180785,0.2619,30.5,0.65,28.999999999999996,1.2,29.85,27.799999999999997,0.0686767169179231,11400.949999999999
SPY,2026-09-30,2026-09-30,P,765.0,0.3,0.31,969.0,863.0,0.2406,-0.2619,345497.0,13187.0,0.305,0.0002767602767602768,0.15174956280385624,-0.2604709150180785,0.1678420544305417,4.138569903105305,-1126.8476053189138,P25,0.25,0.010470915018078508,0.0016052621275596337,0.010000000000000009,0.03278688524590167,0.2604709150180785,0.2619,30.5,0.65,28.999999999999996,1.2,29.85,27.799999999999997,0.0686767169179231,11400.949999999999
SPY,2026-09-30,2026-09-30,P,765.0,0.3,0.31,969.0,863.0,0.2406,-0.2619,345497.0,13187.0,0.305,0.0002767602767602768,0.15174956280385624,-0.2604709150180785,0.1678420544305417,4.138569903105305,-1126.8476053189138,P30,0.3,-0.03952908498192148,0.0016052621275596337,0.010000000000000009,0.03278688524590167,0.2604709150180785,0.2619,30.5,0.65,28.999999999999996,1.2,29.85,27.799999999999997,0.0686767169179231,11400.949999999999
SPY,2026-09-30,2026-09-30,P,766.0,0.63,0.64,989.0,853.0,0.2326,-0.4516,565509.0,3414.0,0.635,0.0002767602767602768,0.14712851581920236,-0.44896924180798736,0.2109743415878574,5.04369195457307,-1327.2660344877124,P40,0.4,0.04896924180798734,0.00030017096694206466,0.010000000000000009,0.015748031496063006,0.44896924180798736,0.4516,63.5,0.65,62.0,1.2,62.85,60.8,0.032617342879872835,11533.949999999999
SPY,2026-09-30,2026-09-30,P,766.0,0.63,0.64,989.0,853.0,0.2326,-0.4516,565509.0,3414.0,0.635,0.0002767602767602768,0.14712851581920236,-0.44896924180798736,0.2109743415878574,5.04369195457307,-1327.2660344877124,P45,0.45,-0.0010307581920126485,0.00030017096694206466,0.010000000000000009,0.015748031496063006,0.44896924180798736,0.4516,63.5,0.65,62.0,1.2,62.85,60.8,0.032617342879872835,11533.949999999999
SPY,2026-10-01,2026-10-01,P,756.0,0.15,0.16,1345.0,1150.0,0.1598,-0.0574,5139.0,557.0,0.155,0.004245014245014245,0.13134331065353533,-0.05544633691370693,0.017073942070987766,5.589065742256583,-84.8101205372585,P05,0.05,0.005446336913706926,0.013351082573117755,0.010000000000000009,0.06451612903225812,0.05544633691370693,0.0574,15.5,0.65,13.999999999999998,1.2,14.85,12.799999999999999,0.13804713804713808,10485.949999999999
SPY,2026-10-01,2026-10-01,P,758.0,0.27,0.28,960.0,1047.0,0.1547,-0.0944,8977.0,1348.0,0.275,0.004245014245014245,0.12734481664729974,-0.09249350955612767,0.026066414339407238,8.272942813775918,-121.32819845541893,P10,0.1,-0.007506490443872332,0.010740900251882618,0.010000000000000009,0.03636363636363639,0.09249350955612767,0.0944,27.500000000000004,0.65,26.0,1.2,26.850000000000005,24.8,0.07635009310986984,10697.949999999999
SPY,2026-10-01,2026-10-01,P,760.0,0.48,0.49,792.0,868.0,0.1506,-0.1524,35318.0,4074.0,0.485,0.004245014245014245,0.1240770921888237,-0.15049911930605142,0.03772445116128414,11.665731935826809,-165.9951343835204,P15,0.15,0.0004991193060514265,0.00813071793064748,0.010000000000000009,0.020618556701030948,0.15049911930605142,0.1524,48.5,0.65,47.0,1.2,47.85,45.8,0.0428422152560084,10918.949999999999
SPY,2026-10-01,2026-10-01,P,761.0,0.63,0.64,572.0,619.0,0.1484,-0.1907,11624.0,1731.0,0.635,0.004245014245014245,0.12240936436157979,-0.18850868841837976,0.044191012656450965,13.481743249209726,-188.75103702683555,P20,0.2,-0.011491311581620256,0.00682562677002991,0.010000000000000009,0.015748031496063006,0.18850868841837976,0.1907,63.5,0.65,62.0,1.2,62.85,60.8,0.032617342879872835,11033.949999999999
SPY,2026-10-01,2026-10-01,P,762.0,0.81,0.82,529.0,1.0,0.1456,-0.2358,17537.0,1373.0,0.815,0.004245014245014245,0.12018272780014053,-0.23210877441062638,0.050867698342831995,15.236373129057991,-208.7501496871375,P25,0.25,-0.017891225589373616,0.005520535609412341,0.009999999999999898,0.012269938650306624,0.23210877441062638,0.2358,81.5,0.65,80.0,1.2,80.85,78.8,0.02535559678416821,11151.949999999997
SPY,2026-10-01,2026-10-01,P,763.0,1.05,1.06,203.0,578.0,0.1439,-0.2875,19254.0,2071.0,1.0550000000000002,0.004245014245014245,0.11893360134026981,-0.2842439006940821,0.05710659928779464,16.92732465473978,-228.63706874263917,P30,0.3,-0.01575609930591787,0.004215444448794772,0.010000000000000009,0.009478672985781998,0.2842439006940821,0.2875,105.50000000000001,0.65,104.0,1.2,104.85000000000001,102.8,0.01955174058178366,11275.949999999999
SPY,2026-10-01,2026-10-01,P,765.0,1.68,1.69,340.0,315.0,0.1394,-0.4095,50090.0,7499.0,1.685,0.004245014245014245,0.11556876070965,-0.4055528470592815,0.0671996837510616,19.355533259045146,-251.35084982287358,P40,0.4,0.005552847059281496,0.0016052621275596337,0.010000000000000009,0.005934718100890213,0.4055528470592815,0.4095,168.5,0.65,167.0,1.2,167.85,165.8,0.012213285671730634,11538.949999999999
SPY,2026-10-01,2026-10-01,P,766.0,2.09,2.1,405.0,360.0,0.1372,-0.478,61757.0,1063.0,2.0949999999999998,0.004245014245014245,0.11393488543073906,-0.4735528037264173,0.0699840221247049,19.872526013284187,-252.52638329027184,P45,0.45,0.02355280372641727,0.00030017096694206466,0.010000000000000231,0.0047732696897375805,0.4735528037264173,0.478,209.49999999999997,0.65,208.0,1.2,208.84999999999997,206.8,0.009815657170217595,11679.949999999999
