root,strategy,short_K,variant,long_K,credit_MID_$,credit_NAT_$,credit_NAT1_$,width,fees_L3_$,max_loss_NAT_$,max_loss_pct_NAV,status
SPXW,P05,7585.0,W5,7580.0,17.5,10.0,5.0,5.0,2.58,492.58,0.0197,OK
SPXW,P05,7585.0,W10,7575.0,32.5,25.0,20.0,10.0,2.58,977.58,0.0391,OK
SPXW,P05,7585.0,CAP1%,,,,,,,,,SKIP (no valid long strike)
SPXW,P05,7585.0,CAP2%,7580.0,17.5,10.0,5.0,5.0,2.58,492.58,0.0197,OK
SPXW,P05,7585.0,CAP4%,7575.0,32.5,25.0,20.0,10.0,2.58,977.58,0.0391,OK
SPXW,P10,7615.0,W5,7610.0,40.0,25.0,20.0,5.0,2.58,477.58,0.0191,OK
SPXW,P10,7615.0,W10,7605.0,77.5,65.0,60.0,10.0,2.58,937.58,0.0375,OK
SPXW,P10,7615.0,CAP1%,,,,,,,,,SKIP (no valid long strike)
SPXW,P10,7615.0,CAP2%,7610.0,40.0,25.0,20.0,5.0,2.58,477.58,0.0191,OK
SPXW,P10,7615.0,CAP4%,7605.0,77.5,65.0,60.0,10.0,2.58,937.58,0.0375,OK
SPXW,P15,7630.0,W5,7625.0,60.0,50.0,45.0,5.0,2.58,452.58,0.0181,OK
SPXW,P15,7630.0,W10,7620.0,115.0,100.0,95.0,10.0,2.58,902.58,0.0361,OK
SPXW,P15,7630.0,CAP1%,,,,,,,,,SKIP (no valid long strike)
SPXW,P15,7630.0,CAP2%,7625.0,60.0,50.0,45.0,5.0,2.58,452.58,0.0181,OK
SPXW,P15,7630.0,CAP4%,7620.0,115.0,100.0,95.0,10.0,2.58,902.58,0.0361,OK
SPXW,P20,7640.0,W5,7635.0,80.0,60.0,55.0,5.0,2.58,442.58,0.0177,OK
SPXW,P20,7640.0,W10,7630.0,155.0,140.0,135.0,10.0,2.58,862.58,0.0345,OK
SPXW,P20,7640.0,CAP1%,,,,,,,,,SKIP (no valid long strike)
SPXW,P20,7640.0,CAP2%,7635.0,80.0,60.0,55.0,5.0,2.58,442.58,0.0177,OK
SPXW,P20,7640.0,CAP4%,7630.0,155.0,140.0,135.0,10.0,2.58,862.58,0.0345,OK
SPXW,P25,7655.0,W5,7650.0,110.0,90.0,85.0,5.0,2.58,412.58,0.0165,OK
SPXW,P25,7655.0,W10,7645.0,210.0,190.0,185.0,10.0,2.58,812.58,0.0325,OK
SPXW,P25,7655.0,CAP1%,,,,,,,,,SKIP (no valid long strike)
SPXW,P25,7655.0,CAP2%,7650.0,110.0,90.0,85.0,5.0,2.58,412.58,0.0165,OK
SPXW,P25,7655.0,CAP4%,7645.0,210.0,190.0,185.0,10.0,2.58,812.58,0.0325,OK
SPXW,P30,7660.0,W5,7655.0,130.0,110.0,105.0,5.0,2.58,392.58,0.0157,OK
SPXW,P30,7660.0,W10,7650.0,240.0,220.0,215.0,10.0,2.58,782.58,0.0313,OK
SPXW,P30,7660.0,CAP1%,,,,,,,,,SKIP (no valid long strike)
SPXW,P30,7660.0,CAP2%,7655.0,130.0,110.0,105.0,5.0,2.58,392.58,0.0157,OK
SPXW,P30,7660.0,CAP4%,7650.0,240.0,220.0,215.0,10.0,2.58,782.58,0.0313,OK
SPXW,P40,7680.0,W5,7675.0,185.0,170.0,165.0,5.0,2.58,332.58,0.0133,OK
SPXW,P40,7680.0,W10,7670.0,360.0,340.0,330.0,10.0,2.58,662.58,0.0265,OK
SPXW,P40,7680.0,CAP1%,,,,,,,,,SKIP (no valid long strike)
SPXW,P40,7680.0,CAP2%,7675.0,185.0,170.0,165.0,5.0,2.58,332.58,0.0133,OK
SPXW,P40,7680.0,CAP4%,7670.0,360.0,340.0,330.0,10.0,2.58,662.58,0.0265,OK
SPXW,P45,7685.0,W5,7680.0,190.0,170.0,165.0,5.0,2.58,332.58,0.0133,OK
SPXW,P45,7685.0,W10,7675.0,375.0,360.0,350.0,10.0,2.58,642.58,0.0257,OK
SPXW,P45,7685.0,CAP1%,,,,,,,,,SKIP (no valid long strike)
SPXW,P45,7685.0,CAP2%,7680.0,190.0,170.0,165.0,5.0,2.58,332.58,0.0133,OK
SPXW,P45,7685.0,CAP4%,7670.0,550.0,530.0,520.0,15.0,2.58,972.58,0.0389,OK
XSP,P05,759.0,W5,754.0,10.0,9.0,8.0,5.0,1.39,492.39,0.0197,OK
XSP,P05,759.0,W10,749.0,11.5,10.0,9.0,10.0,1.14,991.14,0.0396,OK
XSP,P05,759.0,CAP1%,757.0,6.0,5.0,4.0,2.0,1.39,196.39,0.0079,OK
XSP,P05,759.0,CAP2%,754.0,10.0,9.0,8.0,5.0,1.39,492.39,0.0197,OK
XSP,P05,759.0,CAP4%,749.0,11.5,10.0,9.0,10.0,1.14,991.14,0.0396,OK
XSP,P10,761.0,W5,756.0,19.0,17.0,16.0,5.0,1.39,484.39,0.0194,OK
XSP,P10,761.0,W10,751.0,22.5,21.0,20.0,10.0,1.14,980.14,0.0392,OK
XSP,P10,761.0,CAP1%,759.0,11.5,10.0,9.0,2.0,1.54,191.54,0.0077,OK
XSP,P10,761.0,CAP2%,756.0,19.0,17.0,16.0,5.0,1.39,484.39,0.0194,OK
XSP,P10,761.0,CAP4%,751.0,22.5,21.0,20.0,10.0,1.14,980.14,0.0392,OK
XSP,P15,763.0,W5,758.0,35.0,33.0,32.0,5.0,1.54,468.54,0.0187,OK
XSP,P15,763.0,W10,753.0,41.5,40.0,39.0,10.0,1.39,961.39,0.0385,OK
XSP,P15,763.0,CAP1%,761.0,20.0,18.0,17.0,2.0,1.54,183.54,0.0073,OK
XSP,P15,763.0,CAP2%,758.0,35.0,33.0,32.0,5.0,1.54,468.54,0.0187,OK
XSP,P15,763.0,CAP4%,753.0,41.5,40.0,39.0,10.0,1.39,961.39,0.0385,OK
XSP,P20,764.0,W5,759.0,46.5,45.0,44.0,5.0,1.54,456.54,0.0183,OK
XSP,P20,764.0,W10,754.0,56.5,55.0,54.0,10.0,1.39,946.39,0.0379,OK
XSP,P20,764.0,CAP1%,762.0,26.0,24.0,23.0,2.0,1.54,177.54,0.0071,OK
XSP,P20,764.0,CAP2%,759.0,46.5,45.0,44.0,5.0,1.54,456.54,0.0183,OK
XSP,P20,764.0,CAP4%,754.0,56.5,55.0,54.0,10.0,1.39,946.39,0.0379,OK
XSP,P25,765.0,W5,760.0,60.5,59.0,58.0,5.0,1.54,442.54,0.0177,OK
XSP,P25,765.0,W10,755.0,74.5,73.0,72.0,10.0,1.39,928.39,0.0371,OK
XSP,P25,765.0,CAP1%,763.0,34.0,32.0,31.0,2.0,1.54,169.54,0.0068,OK
XSP,P25,765.0,CAP2%,760.0,60.5,59.0,58.0,5.0,1.54,442.54,0.0177,OK
XSP,P25,765.0,CAP4%,755.0,74.5,73.0,72.0,10.0,1.39,928.39,0.0371,OK
XSP,P30,766.0,W5,761.0,77.0,75.0,74.0,5.0,1.54,426.54,0.0171,OK
XSP,P30,766.0,W10,756.0,96.0,94.0,93.0,10.0,1.39,907.39,0.0363,OK
XSP,P30,766.0,CAP1%,763.0,57.0,55.0,54.0,3.0,1.54,246.54,0.0099,OK
XSP,P30,766.0,CAP2%,761.0,77.0,75.0,74.0,5.0,1.54,426.54,0.0171,OK
XSP,P30,766.0,CAP4%,756.0,96.0,94.0,93.0,10.0,1.39,907.39,0.0363,OK
XSP,P40,768.0,W5,763.0,120.0,118.0,117.0,5.0,1.54,383.54,0.0153,OK
XSP,P40,768.0,W10,758.0,155.0,153.0,152.0,10.0,1.54,848.54,0.0339,OK
XSP,P40,768.0,CAP1%,765.0,86.0,84.0,83.0,3.0,1.54,217.54,0.0087,OK
XSP,P40,768.0,CAP2%,762.0,131.0,129.0,128.0,6.0,1.54,472.54,0.0189,OK
XSP,P40,768.0,CAP4%,757.0,157.5,156.0,155.0,11.0,1.39,945.39,0.0378,OK
XSP,P45,769.0,W5,764.0,146.0,144.0,143.0,5.0,1.54,357.54,0.0143,OK
XSP,P45,769.0,W10,759.0,192.5,191.0,190.0,10.0,1.54,810.54,0.0324,OK
XSP,P45,769.0,CAP1%,766.0,104.0,102.0,101.0,3.0,1.54,199.54,0.008,OK
XSP,P45,769.0,CAP2%,763.0,161.0,159.0,158.0,6.0,1.54,442.54,0.0177,OK
XSP,P45,769.0,CAP4%,758.0,196.0,194.0,193.0,11.0,1.54,907.54,0.0363,OK
SPY,P05,756.0,W5,751.0,11.0,10.0,9.0,5.0,2.25,492.25,0.0197,OK
SPY,P05,756.0,W10,746.0,12.0,11.0,10.0,10.0,2.0,991.0,0.0396,OK
SPY,P05,756.0,CAP1%,754.0,6.0,5.0,4.0,2.0,2.4,197.4,0.0079,OK
SPY,P05,756.0,CAP2%,751.0,11.0,10.0,9.0,5.0,2.25,492.25,0.0197,OK
SPY,P05,756.0,CAP4%,746.0,12.0,11.0,10.0,10.0,2.0,991.0,0.0396,OK
SPY,P10,758.0,W5,753.0,20.0,19.0,18.0,5.0,2.25,483.25,0.0193,OK
SPY,P10,758.0,W10,748.0,24.0,23.0,22.0,10.0,2.0,979.0,0.0392,OK
SPY,P10,758.0,CAP1%,756.0,12.0,11.0,10.0,2.0,2.4,191.4,0.0077,OK
SPY,P10,758.0,CAP2%,753.0,20.0,19.0,18.0,5.0,2.25,483.25,0.0193,OK
SPY,P10,758.0,CAP4%,748.0,24.0,23.0,22.0,10.0,2.0,979.0,0.0392,OK
SPY,P15,760.0,W5,755.0,37.0,36.0,35.0,5.0,2.4,466.4,0.0187,OK
SPY,P15,760.0,W10,750.0,44.0,43.0,42.0,10.0,2.25,959.25,0.0384,OK
SPY,P15,760.0,CAP1%,758.0,21.0,20.0,19.0,2.0,2.4,182.4,0.0073,OK
SPY,P15,760.0,CAP2%,755.0,37.0,36.0,35.0,5.0,2.4,466.4,0.0187,OK
SPY,P15,760.0,CAP4%,750.0,44.0,43.0,42.0,10.0,2.25,959.25,0.0384,OK
SPY,P20,761.0,W5,756.0,48.0,47.0,46.0,5.0,2.4,455.4,0.0182,OK
SPY,P20,761.0,W10,751.0,59.0,58.0,57.0,10.0,2.25,944.25,0.0378,OK
SPY,P20,761.0,CAP1%,759.0,27.0,26.0,25.0,2.0,2.4,176.4,0.0071,OK
SPY,P20,761.0,CAP2%,756.0,48.0,47.0,46.0,5.0,2.4,455.4,0.0182,OK
SPY,P20,761.0,CAP4%,751.0,59.0,58.0,57.0,10.0,2.25,944.25,0.0378,OK
SPY,P25,762.0,W5,757.0,61.0,60.0,59.0,5.0,2.4,442.4,0.0177,OK
SPY,P25,762.0,W10,752.0,76.0,75.0,74.0,10.0,2.25,927.25,0.0371,OK
SPY,P25,762.0,CAP1%,760.0,33.0,32.0,31.0,2.0,2.4,170.4,0.0068,OK
SPY,P25,762.0,CAP2%,757.0,61.0,60.0,59.0,5.0,2.4,442.4,0.0177,OK
SPY,P25,762.0,CAP4%,752.0,76.0,75.0,74.0,10.0,2.25,927.25,0.0371,OK
SPY,P30,763.0,W5,758.0,78.0,77.0,76.0,5.0,2.4,425.4,0.017,OK
SPY,P30,763.0,W10,753.0,98.0,97.0,96.0,10.0,2.25,905.25,0.0362,OK
SPY,P30,763.0,CAP1%,760.0,57.0,56.0,55.0,3.0,2.4,246.4,0.0099,OK
SPY,P30,763.0,CAP2%,758.0,78.0,77.0,76.0,5.0,2.4,425.4,0.017,OK
SPY,P30,763.0,CAP4%,753.0,98.0,97.0,96.0,10.0,2.25,905.25,0.0362,OK
SPY,P40,765.0,W5,760.0,120.0,119.0,118.0,5.0,2.4,383.4,0.0153,OK
SPY,P40,765.0,W10,755.0,157.0,156.0,155.0,10.0,2.4,846.4,0.0339,OK
SPY,P40,765.0,CAP1%,762.0,87.0,86.0,85.0,3.0,2.4,216.4,0.0087,OK
SPY,P40,765.0,CAP2%,759.0,132.0,131.0,130.0,6.0,2.4,471.4,0.0189,OK
SPY,P40,765.0,CAP4%,754.0,159.0,158.0,157.0,11.0,2.4,944.4,0.0378,OK
SPY,P45,766.0,W5,761.0,146.0,145.0,144.0,5.0,2.4,357.4,0.0143,OK
SPY,P45,766.0,W10,756.0,194.0,193.0,192.0,10.0,2.4,809.4,0.0324,OK
SPY,P45,766.0,CAP1%,763.0,104.0,103.0,102.0,3.0,2.4,199.4,0.008,OK
SPY,P45,766.0,CAP2%,760.0,161.0,160.0,159.0,6.0,2.4,442.4,0.0177,OK
SPY,P45,766.0,CAP4%,755.0,198.0,197.0,196.0,11.0,2.4,905.4,0.0362,OK
