variant,n_days,trades,total,per_year,mean_daily,H1,H2,win_rate,avg_win,avg_loss_used,n_losses,loss_rate,cp95_loss_upper,breakeven_loss_rate,tail_ok,boot_p,boot_p05_mean,worst,max_dd,avg_credit,stop_rate,sharpe_ann,dsr
10:00|0.05|PS|HOLD,1227,392,605.2700000000164,124.30973105134811,0.49329258353709565,505.53000000000304,99.74000000001314,0.9846938775510204,5.812331606217622,273.04833333333096,6,0.015306122448979591,0.029985417918244318,0.020843139018827266,False,0.7993,-0.5639910350448105,-494.39,606.429999999993,0.07168367346938775,0.0,0.34179686275880766,0.011130160053186676
10:00|0.05|PS|STOP2,1227,392,-8003.6,-1643.7711491442544,-6.522901385493073,-7002.04,-1001.56,0.6173469387755102,5.792644628099175,62.7028,150,0.3826530612244898,0.42487119425364134,0.08456977919554716,False,0.0,-9.457147106764467,-496.36000000000007,8085.54999999997,0.07168367346938775,0.3826530612244898,-2.5895125160958314,2.361593574528479e-112
10:00|0.05|CS|HOLD,1227,486,330.30999999995095,67.8387286063469,0.26920130399344006,-673.9400000000401,1004.249999999991,0.9506172839506173,6.298095238095228,107.47541666666852,24,0.04938271604938271,0.06874910490418935,0.05535642815849059,False,0.6891,-0.7258039934800977,-396.24,988.0800000000236,0.07611111111111113,0.0,0.1957175512952829,0.002352464031198042
10:00|0.05|CS|STOP2,1227,486,-6611.659999999998,-1357.895941320293,-5.38847595762021,-5440.839999999998,-1170.8199999999997,0.6358024691358025,6.38880258899677,48.50734463276836,177,0.36419753086419754,0.4016773457180758,0.116379799172204,False,0.0,-7.466592909535448,-480.35999999999996,6616.4199999999,0.07611111111111113,0.36419753086419754,-2.551534337570321,6.360707195533956e-91
10:00|0.05|IC|HOLD,1227,153,104.50999999999652,21.464156479216893,0.08517522412387654,-391.599999999999,496.10999999999547,0.954248366013072,11.316575342465756,221.10142857142907,7,0.0457516339869281,0.08421410501464711,0.048690614117219026,False,0.5812,-0.8518850855745793,-387.13,625.4399999999987,0.13562091503267973,0.0,0.06778383986210998,0.0006390986559409884
10:00|0.05|IC|STOP2,1227,153,-5603.800000000005,-1150.9026894865535,-4.56707416462918,-4700.599999999999,-903.2000000000046,0.6928104575163399,11.27,144.6472340425533,47,0.30718954248366015,0.3742746669459128,0.07228193899927807,False,0.0,-7.589839853300739,-949.0699999999998,5736.089999999993,0.13562091503267973,0.3006535947712418,-1.5742667859462485,5.56593548704593e-51
10:00|0.10|PS|HOLD,1227,1082,-2090.329999999846,-429.3098288508242,-1.703610431947715,-877.4999999999227,-1212.8299999999233,0.9380776340110906,10.674334975369469,192.90716417910235,67,0.06192236598890943,0.07535012975188728,0.05243273588072995,False,0.1475,-4.490549307253341,-495.24000000000007,3221.9599999998572,0.12128465804066545,0.0,-0.44572887165392294,4.577946461212389e-07
10:00|0.10|PS|STOP2,1227,1082,-13458.229999999996,-2764.0374572127134,-10.968402607986956,-11197.129999999997,-2261.1,0.6460258780036968,10.741688125894136,54.7432637075718,383,0.3539741219963031,0.3786235114981686,0.16403292397940836,False,0.0,-14.85332518337408,-497.36,13653.189999999857,0.12128465804066545,0.3521256931608133,-3.4259992187158153,1.0187115631311608e-98
10:00|0.10|CS|HOLD,1227,1111,-2520.490000000334,-517.6556479218291,-2.054189079054877,-2194.690000000132,-325.80000000020124,0.8901890189018902,12.522234580384197,122.17196721311727,122,0.10981098109810981,0.1264646668994551,0.09296788142062662,False,0.0649,-4.358594132029636,-481.24,3357.4700000000885,0.1399099909990999,0.0,-0.6133156982842134,4.163430918381453e-08
10:00|0.10|CS|STOP2,1227,1111,-14471.549999999996,-2972.1520782396083,-11.794254278728603,-11552.99,-2918.559999999999,0.6462646264626463,12.883537604456826,60.36114503816794,393,0.35373537353735374,0.37804844113650116,0.1758972411324129,False,0.0,-16.024805623471874,-491.35999999999996,14508.189999999906,0.1399099909990999,0.3501350135013501,-3.5705809413895833,2.6170713918207938e-80
10:00|0.10|IC|HOLD,1227,1000,-3220.9500000001426,-661.5154034230122,-2.6250611246944926,-2460.060000000034,-760.8900000001069,0.842,22.982410926365773,142.86164556962103,158,0.158,0.17821620908042551,0.13857844177202644,False,0.0924,-6.005359820700964,-488.98,5928.3700000000645,0.25689999999999996,0.0,-0.5748196053090973,1.3603972885423997e-07
10:00|0.10|IC|STOP2,1227,1000,-21234.230000000007,-4361.064352078241,-17.3058109209454,-17230.239999999998,-4003.9900000000052,0.658,23.457462006079044,107.22000000000006,342,0.342,0.367498159784133,0.17950656253935973,False,0.0,-24.532194784026075,-962.2199999999999,21745.829999999947,0.25689999999999996,0.326,-3.166778321933518,2.2819459722741827e-66
10:00|0.15|PS|HOLD,1227,1171,-1799.0399999997176,-369.48498777500316,-1.466210268948425,-753.7299999998721,-1045.3099999998449,0.9017933390264731,17.94849431818183,180.45782608695413,115,0.0982066609735269,0.11369765053880136,0.0904633193213396,False,0.2466,-4.9725859820698615,-495.24000000000007,3791.729999999792,0.19681468830059778,0.0,-0.3120064838737958,6.286193097188828e-06
10:00|0.15|PS|STOP2,1227,1171,-16864.75999999998,-3463.667090464544,-13.744710676446601,-13966.78,-2897.979999999983,0.6567036720751495,18.299661898569568,76.95820895522384,402,0.34329632792485054,0.36682078352771763,0.19210656016715735,False,0.0,-18.63653830480846,-497.36,17027.10999999992,0.19681468830059778,0.340734415029889,-3.347226930721369,3.0952271543218507e-62
10:00|0.15|CS|HOLD,1227,1125,-3254.500000000573,-668.4058679707779,-2.652404237979277,-2966.5300000002085,-287.9700000003644,0.8462222222222222,21.647867647058675,137.93797687861525,173,0.1537777777777778,0.17258262468145372,0.1356502997581092,False,0.07,-5.658955582722532,-477.24,4475.2900000002155,0.236,0.0,-0.5996144858378247,1.2790846617919298e-07
10:00|0.15|CS|STOP2,1227,1125,-15899.980000000092,-3265.5215647921955,-12.958418907905536,-13042.450000000024,-2857.530000000064,0.6551111111111111,22.334084124830316,83.40257731958773,388,0.3448888888888889,0.36892618094353996,0.21122365525575573,False,0.0,-18.632288508557547,-474.36,16009.31999999997,0.236,0.336,-3.0563731969516987,1.8257288683801729e-47
10:00|0.15|IC|HOLD,1227,1096,-3668.980000000288,-753.5313447433355,-2.99020374898149,-2675.2500000000855,-993.7300000002033,0.781934306569343,39.1639906651107,155.7846025104609,239,0.21806569343065693,0.23958912831531204,0.20089393838220435,False,0.1286,-7.411748981255288,-472.13,6472.040000000125,0.43329379562043796,0.0,-0.5030461407445366,8.090098880807953e-07
10:00|0.15|IC|STOP2,1227,1096,-28667.850000000137,-5887.773594132058,-23.364180929095465,-22827.460000000014,-5840.3900000001195,0.6441605839416058,40.25215297450409,146.37402564102567,390,0.35583941605839414,0.3803505916895065,0.2156833155622176,False,0.0,-33.65826039119815,-964.2199999999999,29683.42999999978,0.43329379562043796,0.31204379562043794,-3.2800457434845876,4.659611795149195e-49
12:00|0.05|PS|HOLD,1227,194,-2.709999999972297,-0.5565770171092248,-0.002208638956782638,-313.6699999999886,310.9600000000163,0.9742268041237113,4.966349206349229,188.26999999999538,5,0.02577319587628866,0.05342381221508226,0.025700905791000976,False,0.5375,-0.731284433577792,-353.63999999999555,560.7099999999882,0.06247422680412372,0.0,-0.0023916327726065147,0.00024218756536604566
12:00|0.05|PS|STOP2,1227,194,-3080.6000000000004,-632.6904645476774,-2.5106764466177673,-2429.72,-650.8799999999999,0.5721649484536082,5.053243243243242,43.87361445783133,83,0.42783505154639173,0.48937138250542433,0.10328158154191575,False,0.0,-3.610269763651182,-252.36,3093.879999999983,0.06247422680412372,0.42783505154639173,-2.535878268470095,2.7955687594921622e-68
12:00|0.05|CS|HOLD,1227,342,-1651.630000000073,-339.21007334964827,-1.3460717196414613,-851.4900000000302,-800.1400000000431,0.9298245614035088,5.5173899371069135,141.92333333333633,24,0.07017543859649122,0.09727398047938351,0.0374210721076472,False,0.0169,-2.5504568052160588,-437.5400000000011,1786.3900000000795,0.06947368421052633,0.0,-0.8208800196620236,2.4096569536813597e-14
12:00|0.05|CS|STOP2,1227,342,-6675.589999999999,-1371.0258190709046,-5.440578647106764,-5950.35,-725.24,0.6081871345029239,5.60639423076923,58.520298507462684,134,0.391812865497076,0.4372719541465618,0.087426841949495,False,0.0,-8.156877750611246,-495.36,6695.389999999927,0.06947368421052633,0.391812865497076,-2.3594962564728377,5.387777411519307e-110
12:00|0.05|IC|HOLD,1227,70,-264.85000000000946,-54.394621026896814,-0.215851670741654,-220.5600000000017,-44.290000000007836,0.9285714285714286,11.221538461538461,198.8500000000019,5,0.07142857142857142,0.1443326110905595,0.053417700197368176,False,0.3162,-0.9497082314588867,-388.13,410.73000000000684,0.13485714285714287,0.0,-0.23378952623949992,1.432088133428014e-06
12:00|0.05|IC|STOP2,1227,70,-2761.170000000011,-567.0862591687064,-2.2503422982885177,-2455.9700000000003,-305.20000000001085,0.6142857142857143,11.600232558139536,120.74000000000042,27,0.38571428571428573,0.4908659675253437,0.08765461820571686,False,0.0001,-4.173992665036675,-742.0699999999999,2795.1300000000156,0.13485714285714287,0.37142857142857144,-1.2091809775919022,2.538801236140086e-44
12:00|0.10|PS|HOLD,1227,939,-1040.9599999998322,-213.79129584348635,-0.8483781581090727,-536.8199999999434,-504.139999999889,0.946751863684771,8.234803149606313,167.23399999999688,50,0.05324813631522897,0.06691762617919281,0.046930297590195506,False,0.2632,-2.9822933985328675,-495.24000000000007,2247.4899999999107,0.09555910543130992,0.0,-0.28692545061309066,4.72150061487056e-06
12:00|0.10|PS|STOP2,1227,939,-13557.170000000002,-2784.3576528117364,-11.049038304808478,-10700.48,-2856.6900000000005,0.6379126730564431,8.16584307178631,54.26032352941177,340,0.362087326943557,0.388713716370209,0.13080801715653628,False,0.0,-16.358512224938877,-497.36,13585.769999999835,0.09555910543130992,0.362087326943557,-3.4535375712551537,1.0164989301612013e-126
12:00|0.10|CS|HOLD,1227,1047,-4055.7800000003726,-832.971931540419,-3.3054441727794397,-1548.0800000001168,-2507.7000000002554,0.8930276981852913,10.329251336898357,122.443125000003,112,0.1069723018147087,0.1239911861358808,0.07779668950632132,False,0.0059,-5.690658516707672,-482.38999999999993,4497.510000000228,0.11867239732569246,0.0,-0.9994455168779918,1.8046939337389706e-12
12:00|0.10|CS|STOP2,1227,1047,-13565.810000000009,-2786.1321271393663,-11.056079869600659,-11499.200000000008,-2066.61,0.6446991404011462,10.634888888888893,55.76440860215056,372,0.3553008595988539,0.3803887013593229,0.1601656838360988,False,0.0,-14.764624694376543,-494.36,13606.449999999923,0.11867239732569246,0.3524355300859599,-3.461057212767422,4.072960993221281e-99
12:00|0.10|IC|HOLD,1227,820,-3795.950000000145,-779.608312958465,-3.0936837815812104,-1194.660000000038,-2601.2900000001064,0.8548780487804878,18.887617689015688,143.16109243697596,119,0.14512195121951219,0.16691083001471194,0.1165551868591284,False,0.0327,-6.035419315403547,-482.13,4622.810000000176,0.21679268292682924,0.0,-0.7727053996444646,1.6636594095341595e-09
12:00|0.10|IC|STOP2,1227,820,-23820.410000000036,-4892.211344743284,-19.41353708231462,-19978.01000000001,-3842.4000000000296,0.6487804878048781,19.149887218045112,118.0838541666668,288,0.35121951219512193,0.37961588775624344,0.13954212007061437,False,0.0,-26.985941727791413,-985.67,24295.369999999915,0.21679268292682924,0.32926829268292684,-3.4146688357261534,1.52411003149824e-89
12:00|0.15|PS|HOLD,1227,1118,-2215.2199999997492,-454.95960880190455,-1.8053952730234306,-1432.6499999999103,-782.5699999998386,0.9069767441860465,13.451666666666679,152.45394230769,104,0.09302325581395349,0.10856745684254217,0.08108024044410606,False,0.1344,-4.4516841890788434,-495.24000000000007,3522.5199999998367,0.14884615384615385,0.0,-0.46031414735751364,5.340824368675363e-07
12:00|0.15|PS|STOP2,1227,1118,-12824.269999999988,-2633.8354034229806,-10.451727791361034,-10256.069999999992,-2568.1999999999953,0.667262969588551,13.45349865951744,61.453172043010746,372,0.33273703041144903,0.35667229403486256,0.17960347901383059,False,0.0,-14.85454563977178,-495.36,12913.369999999815,0.14884615384615385,0.33184257602862255,-2.992078941416416,2.6446597429186e-71
12:00|0.15|CS|HOLD,1227,1021,-3961.890000000514,-813.6888997556069,-3.2289242053793923,-1004.0500000001937,-2957.8400000003207,0.8462291870714985,17.531990740740667,121.71675159235956,157,0.15377081292850148,0.17356854992424361,0.12590412270153203,False,0.0211,-6.077322330888774,-479.24,4496.980000000385,0.19506366307541625,0.0,-0.8094751638746909,1.1140149543119998e-09
12:00|0.15|CS|STOP2,1227,1021,-13347.02000000005,-2741.1972616137023,-10.877766911165484,-11467.810000000029,-1879.2100000000191,0.6640548481880509,18.09775811209437,74.68600583090388,343,0.33594515181194906,0.3610786565706516,0.19505307117323603,False,0.0,-15.059185819070942,-491.35999999999996,13474.579999999949,0.19506366307541625,0.32713026444662097,-2.882089379989507,2.3167631557987736e-51
12:00|0.15|IC|HOLD,1227,959,-6453.6200000002555,-1325.4378484108106,-5.2596740016302,-1971.4000000001058,-4482.220000000149,0.7674661105318039,31.072853260869532,131.4943497757858,223,0.23253388946819603,0.25608837754643976,0.19113851183047845,False,0.0063,-8.915332925835695,-479.12999999999994,7401.850000000199,0.35103232533889467,0.0,-1.020273085859015,6.532405562124157e-11
12:00|0.15|IC|STOP2,1227,959,-28369.710000000086,-5826.541907090483,-23.12119804400985,-23744.010000000035,-4625.7000000000535,0.6454640250260688,31.654168012924078,141.06952941176502,340,0.3545359749739312,0.3807738624591084,0.18326476612582887,False,0.0,-32.00861450692753,-980.1899999999999,28825.489999999703,0.35103232533889467,0.28884254431699685,-3.258341533954314,4.485108573498616e-66
14:00|0.05|PS|HOLD,1227,74,16.49000000000614,3.386699266504929,0.013439282803590987,48.06000000000377,-31.569999999997663,0.9594594594594594,5.087464788732393,487.4393243243243,3,0.04054054054054054,0.1014558510099576,0.010329315889383217,False,0.5936,-0.40044091279543076,-258.83999999999764,258.84000000000015,0.06378378378378378,0.0,0.02739594044847845,0.00043393043167941716
14:00|0.05|PS|STOP2,1227,74,-374.51,-76.91647921760392,-0.3052241238793806,-217.37,-157.14,0.6486486486486487,5.3339583333333325,24.25153846153846,26,0.35135135135135137,0.4527345203843037,0.1802896321233279,False,0.0041,-0.5539282803585983,-106.36,402.5499999999993,0.06378378378378378,0.35135135135135137,-1.0799683553249817,3.3570101252425e-20
14:00|0.05|CS|HOLD,1227,196,-895.8900000000342,-183.99696821516596,-0.7301466992665315,-274.8200000000147,-621.0700000000196,0.9438775510204082,5.801891891891887,179.0218181818212,11,0.05612244897959184,0.09118633822452712,0.03139149132748132,False,0.0961,-1.7836841890790862,-494.24,1190.3900000000322,0.07341836734693878,0.0,-0.5240310787958589,1.0887248455589277e-10
14:00|0.05|CS|STOP2,1227,196,-3133.65,-643.5858190709047,-2.553911980440098,-2762.640000000001,-371.01,0.6377551020408163,6.0124,54.72112676056339,71,0.3622448979591837,0.4225627772160052,0.09899639162572199,False,0.0,-4.011449062754687,-497.36,3141.1699999999764,0.07341836734693878,0.3622448979591837,-1.5391284651334791,2.818715740505813e-73
14:00|0.05|IC|HOLD,1227,9,104.93,21.550415647921763,0.08551752241238794,46.510000000000005,58.42,1.0,11.658888888888889,488.3411111111111,0,0.0,0.28312883556311347,0.023317777777777778,False,0.9982,0.030097799511002443,8.02,0.0,0.13777777777777775,0.0,1.2185585638187117,0.04539584775800588
14:00|0.05|IC|STOP2,1227,9,58.690000000000005,12.053691931540344,0.04783211083944581,0.2700000000000031,58.42,0.8888888888888888,11.86375,488.3411111111111,1,0.1111111111111111,0.42913554703143447,0.023717782297530875,False,0.8433,-0.029594539527302358,-36.22,36.220000000001164,0.13777777777777775,0.1111111111111111,0.5079800934194357,0.01763430725906611
14:00|0.10|PS|HOLD,1227,566,266.26000000008776,54.68420537899113,0.21700081499599655,655.1000000000167,-388.8399999999291,0.9487632508833922,7.102364990689044,122.33482758620443,29,0.05123674911660778,0.06920595157541747,0.05487112976797463,False,0.6327,-1.008690301548378,-493.24,1040.2099999999846,0.0838339222614841,0.0,0.12759080262569725,0.0011812253499041156
14:00|0.10|PS|STOP2,1227,566,-7009.58,-1439.6203422982885,-5.712779136104319,-5855.909999999999,-1153.67,0.6819787985865724,7.166865284974096,54.311055555555555,180,0.31802120141342755,0.3517607315526275,0.1165762470003589,False,0.0,-8.147456397718011,-496.36000000000007,7052.469999999899,0.0838339222614841,0.31802120141342755,-2.4760462812286534,1.016092525471447e-76
14:00|0.10|CS|HOLD,1227,794,-399.310000000264,-82.00987775066547,-0.32543602282010103,109.85999999988155,-509.1700000001456,0.8979848866498741,9.381178120617093,87.50728395062039,81,0.10201511335012595,0.12142779237566405,0.09682451264134587,False,0.3609,-1.7724771801143457,-462.24000000000007,1219.850000000206,0.10875314861460961,0.0,-0.1539607182792294,3.6936154702261384e-05
14:00|0.10|CS|STOP2,1227,794,-8635.870000000017,-1773.6261124694413,-7.038198859005719,-7313.110000000014,-1322.760000000003,0.6523929471032746,9.72911196911196,49.549094202898594,276,0.34760705289672544,0.37642393305621447,0.16412628851960376,False,0.0,-9.760858190709062,-485.36,8712.029999999851,0.10875314861460961,0.34005037783375314,-2.931614822119982,4.419595672285809e-69
14:00|0.10|IC|HOLD,1227,401,-541.7300000000566,-111.25995110025615,-0.44150774246133384,511.5599999999754,-1053.2900000000323,0.8603491271820449,16.872898550724667,113.62285714285834,56,0.1396508728179551,0.17135661219397896,0.12929844699580811,False,0.3364,-2.0439922575388,-485.98,1381.7400000000525,0.192643391521197,0.0,-0.1942800630857177,1.9372517454293088e-05
14:00|0.10|IC|STOP2,1227,401,-7964.290000000034,-1635.6977017114984,-6.490863895680549,-7603.250000000007,-361.0400000000277,0.7057356608478803,17.165759717314486,108.66271186440707,118,0.2942643391521197,0.33399920361748797,0.1364219043713479,False,0.0,-10.011259576202152,-940.0699999999999,8270.940000000013,0.192643391521197,0.26184538653366585,-1.741103467682477,3.6924717148404814e-44
14:00|0.15|PS|HOLD,1227,851,-1237.9899999998092,-254.25711491438628,-1.0089568052158184,-771.46999999993,-466.51999999987925,0.9142185663924794,10.123881748072002,124.85438356164146,73,0.08578143360752057,0.10324869759932383,0.07500379209084009,False,0.2063,-3.033253871230504,-493.24,1886.0699999999524,0.1154994124559342,0.0,-0.3615721834419558,1.5761168406358616e-06
14:00|0.15|PS|STOP2,1227,851,-10235.949999999997,-2102.2488997555006,-8.342257538712303,-8435.029999999997,-1800.9199999999992,0.6756756756756757,10.440695652173922,58.838224637681165,276,0.32432432432432434,0.3517318400844085,0.15070523051588053,False,0.0,-11.677418092909539,-497.36,10315.589999999838,0.1154994124559342,0.3196239717978848,-2.87729585770983,6.994091324843209e-71
14:00|0.15|CS|HOLD,1227,810,-967.050000000298,-198.6117359413815,-0.7881418092911965,-115.60000000012667,-851.4500000001711,0.8604938271604938,14.845724533715895,100.1284955752237,113,0.13950617283950617,0.16112357203525599,0.1291222025220034,False,0.2555,-2.789341075794891,-464.340000000009,2487.2400000002417,0.16761728395061729,0.0,-0.2786211957001947,8.284266716837317e-06
14:00|0.15|CS|STOP2,1227,810,-11803.090000000033,-2424.1065036674886,-9.619470252648764,-9725.720000000007,-2077.3700000000244,0.662962962962963,15.212141527001842,73.15754578754587,273,0.337037037037037,0.3653843153162967,0.17214207709997822,False,0.0,-13.981988590057068,-479.35999999999996,11832.689999999957,0.16761728395061729,0.32098765432098764,-2.7413724017616463,2.328168480095839e-58
14:00|0.15|IC|HOLD,1227,628,-1328.4400000001042,-272.8336430318063,-1.0826731866341517,-70.170000000046,-1258.270000000058,0.804140127388535,26.248118811881188,118.56699186991953,123,0.19585987261146498,0.22374902604247587,0.1812526240411171,False,0.2456,-3.698039119804445,-475.3300000000007,3249.480000000087,0.29547770700636944,0.0,-0.31345976246034973,6.077573518767883e-06
14:00|0.15|IC|STOP2,1227,628,-12893.230000000065,-2647.9983374083267,-10.507929910350502,-10677.069999999998,-2216.160000000069,0.6831210191082803,27.074428904428895,123.15658291457318,199,0.31687898089171973,0.3488119193650279,0.18021864178780939,False,0.0,-15.662277098614554,-971.8199999999999,13346.780000000179,0.29547770700636944,0.25,-2.293280717233822,9.565897933686072e-37
15:00|0.05|PS|HOLD,1227,38,214.57999999999998,44.070220048899756,0.17488182559087204,60.879999999999995,153.7,1.0,5.646842105263156,475.93210526315806,0,0.0,0.07580765168296455,0.011725683060109281,False,1.0,0.11677261613691932,3.6100000000000003,0.0,0.0689473684210526,0.0,2.5269619412979294,0.9999912534340746
15:00|0.05|PS|STOP2,1227,38,23.85999999999997,4.900342298288503,0.01944580277098612,60.879999999999995,-37.02000000000002,0.868421052631579,5.266060606060606,29.984,5,0.13157894736842105,0.25695829711197055,0.14939153339087316,False,0.6456,-0.08528280358598207,-49.36,59.590000000000146,0.0689473684210526,0.13157894736842105,0.13203629282339116,0.0013688220446507536
15:00|0.05|CS|HOLD,1227,137,-551.1300000000651,-113.19051344744615,-0.4491687041565323,-302.0000000000312,-249.13000000003382,0.8686131386861314,6.464621848739496,73.35666666667028,18,0.13138686131386862,0.1885859335378263,0.08098869322926901,False,0.0553,-0.951557457212768,-196.24,630.0100000000639,0.08299270072992701,0.0,-0.6189031016008822,2.236321710846836e-10
15:00|0.05|CS|STOP2,1227,137,-1821.8900000000003,-374.1778973105136,-1.4848329258353712,-1232.2400000000007,-589.6500000000001,0.6204379562043796,6.047058823529411,44.920961538461555,52,0.3795620437956204,0.4528940235290558,0.11864417688937672,False,0.0,-2.2305395273023634,-285.36,1869.2099999999991,0.08299270072992701,0.3722627737226277,-1.7222694826596565,1.1577315175681539e-45
15:00|0.05|IC|HOLD,1227,1,-79.03000000000306,-16.231100244499405,-0.06440912795436272,-79.03000000000306,0.0,0.0,0.0,461.13,1,1.0,1.0,0.0,False,0.0,-0.19322738386308816,-79.03000000000306,79.03000000000247,0.41,0.0,-0.4531875694512532,1.8542856407438845e-19
15:00|0.05|IC|STOP2,1227,1,-282.63999999999993,-58.0483129584352,-0.23035044824775872,-282.63999999999993,0.0,0.0,0.0,461.13,1,1.0,1.0,0.0,False,0.0,-0.6910513447432761,-282.63999999999993,282.6399999999994,0.41,1.0,-0.4531875694512534,1.8542856407442983e-19
15:00|0.10|PS|HOLD,1227,286,404.76000000004984,83.12919315404447,0.32987775061128755,-9.969999999984559,414.7300000000344,0.9230769230769231,7.0814015151515575,66.5786363636346,22,0.07692307692307693,0.10802082533424519,0.0961362730603615,False,0.8214,-0.28817359413198607,-209.74000000000592,417.40999999998894,0.08590909090909091,0.0,0.4186350326654803,0.013371943845455585
15:00|0.10|PS|STOP2,1227,286,-3582.529999999986,-735.7763325183346,-2.9197473512632324,-2476.61,-1105.9199999999862,0.6538461538461539,7.2696256684492235,49.91868686868676,99,0.34615384615384615,0.3952191238688804,0.12711733125065713,False,0.0,-4.499041564792165,-471.35999999999996,3623.649999999965,0.08590909090909091,0.33916083916083917,-1.8788373561476965,4.9800679989529877e-54
15:00|0.10|CS|HOLD,1227,579,-2121.8100000001987,-435.7751589242462,-1.7292665036676436,-1015.2700000000838,-1106.540000000115,0.8687392055267703,8.868250497017826,86.6123684210548,76,0.13126079447322972,0.15661429836423618,0.09288011114200306,False,0.0165,-3.1759498777507615,-366.69000000000335,2561.9700000001867,0.10518134715025908,0.0,-0.8856351951458934,1.1573614239543006e-11
15:00|0.10|CS|STOP2,1227,579,-7412.160000000041,-1522.301809290962,-6.040880195599056,-5818.180000000014,-1593.9800000000278,0.6839378238341969,8.751414141414118,59.44109289617503,183,0.3160621761658031,0.3493589929779213,0.12833395517472548,False,0.0,-8.478757946210301,-478.36,7496.079999999918,0.10518134715025908,0.29015544041450775,-2.5229144113046944,1.1710549600853172e-64
15:00|0.10|IC|HOLD,1227,139,-925.0200000000375,-189.97965770171922,-0.7538875305623778,-891.7700000000183,-33.250000000019384,0.8273381294964028,15.539565217391248,113.00291666666799,24,0.17266187050359713,0.234141495713374,0.12089050242088357,False,0.1177,-1.847700081499638,-360.83000000000334,1196.350000000035,0.1845323741007194,0.0,-0.5325625748925211,5.135151426725384e-09
15:00|0.10|IC|STOP2,1227,139,-4041.6100000000197,-830.0617114914467,-3.2938956805216133,-3182.610000000003,-859.0000000000166,0.697841726618705,15.291134020618559,131.5440476190481,42,0.302158273381295,0.3726100811081935,0.10413808087317236,False,0.0,-5.689110839445824,-940.8199999999998,4147.47000000003,0.1845323741007194,0.2302158273381295,-1.351995221000923,3.975783253098268e-36
15:00|0.15|PS|HOLD,1227,505,666.7500000001529,136.93643031787983,0.5433985330074595,107.2600000000413,559.4900000001116,0.904950495049505,9.209343544857816,73.78999999999728,48,0.09504950495049505,0.11931316011782638,0.11095682389199665,False,0.8177,-0.49888956805202744,-361.83999999999696,744.3099999999904,0.10859405940594061,0.0,0.3983682732105905,0.009619564362531799
15:00|0.15|PS|STOP2,1227,505,-5655.459999999976,-1161.5125672371591,-4.60917685411571,-3918.3799999999997,-1737.0799999999758,0.6792079207920793,9.292361516034987,54.58481481481468,162,0.3207920792079208,0.35667078686397696,0.1454723275165689,False,0.0,-6.945323553382193,-471.35999999999996,5724.5999999999,0.10859405940594061,0.30297029702970296,-2.1986046167267093,1.6243485225223446e-54
15:00|0.15|CS|HOLD,1227,633,-1749.02000000032,-359.21193154040805,-1.4254441727793967,-739.5200000001287,-1009.5000000001917,0.8436018957345972,13.560374531835105,90.81070707070977,99,0.15639810426540285,0.1821213320777517,0.12992463356348377,False,0.0833,-3.194424612877271,-465.34000000000896,2425.5100000002967,0.15573459715639812,0.0,-0.5640887893739485,4.737323843695656e-08
15:00|0.15|CS|STOP2,1227,633,-9105.060000000061,-1869.9878728606484,-7.420586797066065,-8137.6500000000115,-967.4100000000512,0.6729857819905213,14.046150234741726,72.89236714975861,207,0.32701421800947866,0.35903169460878076,0.16156417957555272,False,0.0,-10.845786878565642,-491.35999999999996,9343.549999999945,0.15573459715639812,0.2985781990521327,-2.361113207027031,1.2476838030813225e-50
15:00|0.15|IC|HOLD,1227,334,-2632.4700000000757,-540.653985330089,-2.145452322738448,-1278.6300000000444,-1353.8400000000313,0.7634730538922155,22.71980392156853,106.6584810126589,79,0.23652694610778444,0.27794000761457044,0.17560755217244295,False,0.0175,-3.9276214343928957,-453.380000000009,3095.9000000000815,0.2647005988023952,0.0,-0.8472011957997692,6.787663534660791e-11
15:00|0.15|IC|STOP2,1227,334,-10478.450000000026,-2152.053300733502,-8.53989405052977,-7908.560000000013,-2569.890000000014,0.6766467065868264,22.98017699115038,145.1108333333335,108,0.32335329341317365,0.36800918205888106,0.13671270668662952,False,0.0,-12.625449877750658,-969.8199999999999,10672.560000000032,0.2647005988023952,0.20359281437125748,-2.0756120579804302,6.245188800954167e-45
