root,year,t,days,med_width,p90_width,frac_two_sided
SPXW,2021,09:58,252,0.0999999999999999,0.1999999999999993,1.0
SPXW,2021,09:59,252,0.0999999999999999,0.1999999999999993,1.0
SPXW,2021,10:00,252,0.0999999999999999,0.2,1.0
SPXW,2021,10:01,252,0.0999999999999999,0.19999999999999968,1.0
SPXW,2021,10:02,252,0.0999999999999999,0.1999999999999993,1.0
SPXW,2021,10:03,252,0.0999999999999999,0.2000000000000001,1.0
SPXW,2021,10:05,252,0.0999999999999999,0.19999999999999987,1.0
SPXW,2022,09:58,251,0.1,0.2000000000000001,1.0
SPXW,2022,09:59,251,0.1,0.2000000000000001,1.0
SPXW,2022,10:00,251,0.1,0.3000000000000002,1.0
SPXW,2022,10:01,251,0.1,0.25,1.0
SPXW,2022,10:02,251,0.1,0.2000000000000001,1.0
SPXW,2022,10:03,251,0.1,0.2000000000000001,1.0
SPXW,2022,10:05,251,0.1,0.2000000000000006,1.0
SPXW,2023,09:58,250,0.05,0.09999999999999981,1.0
SPXW,2023,09:59,250,0.05,0.0999999999999999,1.0
SPXW,2023,10:00,250,0.05,0.1,1.0
SPXW,2023,10:01,250,0.05,0.0999999999999999,1.0
SPXW,2023,10:02,250,0.05,0.0999999999999998,1.0
SPXW,2023,10:03,250,0.05,0.0999999999999999,1.0
SPXW,2023,10:05,250,0.05,0.0999999999999999,1.0
SPXW,2024,09:58,212,0.05,0.07249999999999998,0.8214285714285714
SPXW,2024,09:59,212,0.05,0.05,0.8148148148148148
SPXW,2024,10:00,212,0.05,0.0999999999999999,0.8245073891625616
SPXW,2024,10:01,212,0.05,0.07499999999999989,0.8145604395604396
SPXW,2024,10:02,212,0.05,0.05,0.8307142857142857
SPXW,2024,10:03,212,0.05,0.05,0.8214285714285714
SPXW,2024,10:05,212,0.05,0.07249999999999998,0.8245073891625616
SPXW,2025,09:58,214,0.05,0.1,1.0
SPXW,2025,09:59,214,0.05,0.1,1.0
SPXW,2025,10:00,214,0.05,0.15,1.0
SPXW,2025,10:01,214,0.05,0.1,1.0
SPXW,2025,10:02,214,0.05,0.1,1.0
SPXW,2025,10:03,214,0.05,0.1,1.0
SPXW,2025,10:05,214,0.05,0.1,1.0
SPXW,2026,09:58,19,0.05,0.054999999999999945,1.0
SPXW,2026,09:59,19,0.05,0.05,1.0
SPXW,2026,10:00,19,0.05,0.0999999999999999,1.0
SPXW,2026,10:01,19,0.05,0.06000000000000004,1.0
SPXW,2026,10:02,19,0.05,0.06000000000000004,1.0
SPXW,2026,10:03,19,0.05,0.09999999999999966,1.0
SPXW,2026,10:05,19,0.05,0.09999999999999964,1.0
SPY,2021,09:58,222,0.01,0.01,1.0
SPY,2021,09:59,222,0.01,0.01,1.0
SPY,2021,10:00,222,0.01,0.01,1.0
SPY,2021,10:01,222,0.01,0.01,1.0
SPY,2021,10:02,222,0.01,0.01,1.0
SPY,2021,10:03,222,0.01,0.01,1.0
SPY,2021,10:05,222,0.01,0.01,1.0
SPY,2022,09:58,104,0.01,0.02,1.0
SPY,2022,09:59,104,0.01,0.02,1.0
SPY,2022,10:00,104,0.01,0.03000000000000014,1.0
SPY,2022,10:01,104,0.01,0.02,1.0
SPY,2022,10:02,104,0.01,0.02,1.0
SPY,2022,10:03,104,0.01,0.02,1.0
SPY,2022,10:05,104,0.01,0.02,1.0
SPY,2023,09:58,250,0.01,0.01,1.0
SPY,2023,09:59,250,0.01,0.01,1.0
SPY,2023,10:00,250,0.01,0.01,1.0
SPY,2023,10:01,250,0.01,0.01,1.0
SPY,2023,10:02,250,0.01,0.01,1.0
SPY,2023,10:03,250,0.01,0.01,1.0
SPY,2023,10:05,250,0.01,0.01,1.0
SPY,2024,09:58,252,0.01,0.01,0.8916666666666666
SPY,2024,09:59,252,0.01,0.01,0.8666666666666667
SPY,2024,10:00,252,0.01,0.01,0.8666666666666667
SPY,2024,10:01,252,0.01,0.01,0.8666666666666667
SPY,2024,10:02,252,0.01,0.01,0.8666666666666667
SPY,2024,10:03,252,0.01,0.01,0.8666666666666667
SPY,2024,10:05,252,0.01,0.01,0.8666666666666667
SPY,2025,09:58,250,0.01,0.01,1.0
SPY,2025,09:59,250,0.01,0.01,1.0
SPY,2025,10:00,250,0.01,0.02,1.0
SPY,2025,10:01,250,0.01,0.01,1.0
SPY,2025,10:02,250,0.01,0.01,1.0
SPY,2025,10:03,250,0.01,0.01,1.0
SPY,2025,10:05,250,0.01,0.01,1.0
SPY,2026,09:58,71,0.01,0.01,1.0
SPY,2026,09:59,71,0.01,0.01,1.0
SPY,2026,10:00,71,0.01,0.01,1.0
SPY,2026,10:01,71,0.01,0.01,1.0
SPY,2026,10:02,71,0.01,0.01,1.0
SPY,2026,10:03,71,0.01,0.01,1.0
SPY,2026,10:05,71,0.01,0.01,1.0
XSP,2021,09:58,251,0.02,0.0399999999999999,0.75
XSP,2021,09:59,251,0.02,0.04,0.7272727272727273
XSP,2021,10:00,251,0.03,4.79,0.55
XSP,2021,10:01,251,0.0299999999999999,0.05549999999999997,0.7083333333333334
XSP,2021,10:02,251,0.025,0.045,0.7272727272727273
XSP,2021,10:03,251,0.02,0.0499999999999999,0.7272727272727273
XSP,2021,10:05,251,0.0249999999999999,0.049999999999999906,0.7
XSP,2022,09:58,144,0.03,0.07050000000000019,1.0
XSP,2022,09:59,144,0.03,0.1045000000000004,1.0
XSP,2022,10:00,144,0.06749999999999985,1.6705,0.7727272727272727
XSP,2022,10:01,144,0.035,0.7525000000000004,1.0
XSP,2022,10:02,144,0.035,0.30200000000000093,1.0
XSP,2022,10:03,144,0.03,0.35199999999999976,1.0
XSP,2022,10:05,144,0.03,0.08399999999999991,1.0
XSP,2023,09:58,202,0.0199999999999999,0.02,0.7
XSP,2023,09:59,202,0.0199999999999999,0.02,0.6833333333333333
XSP,2023,10:00,202,0.03,0.6145,0.5454545454545454
XSP,2023,10:01,202,0.0199999999999999,0.02,0.6363636363636364
XSP,2023,10:02,202,0.0199999999999999,0.02,0.6363636363636364
XSP,2023,10:03,202,0.0199999999999999,0.02,0.6363636363636364
XSP,2023,10:05,202,0.0199999999999999,0.02,0.6363636363636364
XSP,2024,09:58,252,0.02,0.0399999999999999,0.5333333333333333
XSP,2024,09:59,252,0.02,0.0399999999999999,0.5384615384615384
XSP,2024,10:00,252,0.03,0.3970000000000001,0.4666666666666667
XSP,2024,10:01,252,0.03,0.0499999999999999,0.5
XSP,2024,10:02,252,0.02,0.044500000000000026,0.5
XSP,2024,10:03,252,0.02,0.04,0.5333333333333333
XSP,2024,10:05,252,0.02,0.039999999999999994,0.5333333333333333
XSP,2025,09:58,250,0.0199999999999999,0.045,1.0
XSP,2025,09:59,250,0.0199999999999999,0.04,1.0
XSP,2025,10:00,250,0.02,0.2019999999999999,1.0
XSP,2025,10:01,250,0.02,0.06,1.0
XSP,2025,10:02,250,0.0199999999999999,0.05,1.0
XSP,2025,10:03,250,0.0199999999999999,0.0499999999999999,1.0
XSP,2025,10:05,250,0.0199999999999999,0.03,1.0
XSP,2026,09:58,32,0.0199999999999999,0.02,1.0
XSP,2026,09:59,32,0.0199999999999999,0.02899999999999993,1.0
XSP,2026,10:00,32,0.02,0.05850000000000003,1.0
XSP,2026,10:01,32,0.0199999999999999,0.03,1.0
XSP,2026,10:02,32,0.0199999999999999,0.02900000000000002,1.0
XSP,2026,10:03,32,0.0199999999999999,0.03,1.0
XSP,2026,10:05,32,0.0199999999999999,0.03,1.0
