event,date
pce,2015-01-30
pce,2015-02-27
pce,2015-03-27
pce,2015-04-29
pce,2015-05-29
pce,2015-06-24
pce,2015-07-30
pce,2015-08-27
pce,2015-09-25
pce,2015-10-29
pce,2015-11-24
pce,2015-12-22
pce,2016-01-29
pce,2016-02-26
pce,2016-03-25
pce,2016-04-28
pce,2016-05-27
pce,2016-06-28
pce,2016-07-29
pce,2016-08-26
pce,2016-09-29
pce,2016-10-28
pce,2016-11-29
pce,2016-12-22
pce,2017-01-27
pce,2017-02-28
pce,2017-03-30
pce,2017-04-28
pce,2017-05-26
pce,2017-06-29
pce,2017-07-28
pce,2017-08-30
pce,2017-09-28
pce,2017-10-27
pce,2017-11-29
pce,2017-12-21
pce,2018-01-26
pce,2018-02-28
pce,2018-03-28
pce,2018-04-27
pce,2018-05-30
pce,2018-06-28
pce,2018-07-27
pce,2018-08-29
pce,2018-09-27
pce,2018-10-25
pce,2018-11-28
pce,2018-12-21
pce,2019-02-28
pce,2019-03-28
pce,2019-04-26
pce,2019-05-30
pce,2019-06-27
pce,2019-07-26
pce,2019-08-29
pce,2019-09-26
pce,2019-10-30
pce,2019-11-27
pce,2019-12-20
pce,2020-01-30
pce,2020-02-27
pce,2020-03-26
pce,2020-04-29
pce,2020-05-28
pce,2020-06-25
pce,2020-07-30
pce,2020-08-27
pce,2020-09-30
pce,2020-10-29
pce,2020-11-25
pce,2020-12-22
pce,2021-01-28
pce,2021-02-25
pce,2021-03-25
pce,2021-04-29
pce,2021-05-27
pce,2021-06-24
pce,2021-07-29
pce,2021-08-26
pce,2021-09-30
pce,2021-10-28
pce,2021-11-24
pce,2021-12-22
pce,2022-01-27
pce,2022-02-24
pce,2022-03-30
pce,2022-04-28
pce,2022-05-26
pce,2022-06-29
pce,2022-07-28
pce,2022-08-25
pce,2022-09-29
pce,2022-10-27
pce,2022-11-30
pce,2022-12-22
pce,2023-01-26
pce,2023-02-23
pce,2023-03-30
pce,2023-04-27
pce,2023-05-25
pce,2023-06-29
pce,2023-07-27
pce,2023-08-30
pce,2023-09-28
pce,2023-10-26
pce,2023-11-29
pce,2023-12-21
pce,2024-01-25
pce,2024-02-28
pce,2024-03-28
pce,2024-04-25
pce,2024-05-30
pce,2024-06-27
pce,2024-07-25
pce,2024-08-29
pce,2024-09-26
pce,2024-10-30
pce,2024-11-27
pce,2024-12-19
pce,2025-01-30
pce,2025-02-27
pce,2025-03-27
pce,2025-04-30
pce,2025-05-29
pce,2025-06-26
pce,2025-07-30
pce,2025-08-28
pce,2025-09-25
pce,2025-12-23
pce,2026-01-22
pce,2026-02-20
pce,2026-03-13
pce,2026-04-09
pce,2026-04-30
pce,2026-05-28
pce,2026-06-25
pce,2026-07-30
pce,2026-08-26
